cnpj,razao_social,registro_ans,modalidade,uf
62231527000184,CAIXA BENEFICENTE DOS FUNCIONARIOS DO BANCO DO ESTADO DE SÃO PAULO,1998-12-22,Autogestão,SP
69289171000189,ATÍVIA SERVIÇOS DE SAÚDE S/A,1998-12-28,Medicina de Grupo,SP
29309127000179,AMIL ASSISTÊNCIA MÉDICA INTERNACIONAL S.A.,1998-12-17,Medicina de Grupo,SP
45425899000122,UNIMED DE BOTUCATU COOPERATIVA DE TRABALHO MÉDICO,1998-12-28,Cooperativa Médica,SP
45309606000141,UNIMED FRANCA - SOCIEDADE COOPERATIVA DE SERVIÇOS MÉDICOS E HOSPITALARES,1998-12-18,Cooperativa Médica,SP
47325263000134,"ASSOC DE ASSIST À SAÚDE DOS SERV DAS UNIV E INST FED, EST E/OU FAC PART EM PE",2022-12-27,Autogestão,PE
36186642000174,PD BRASIL ASSISTENCIA ODONTOLOGICA LTDA,2020-08-04,Odontologia de Grupo,MG
25329079000120,UNIMED SÃO JOÃO DEL REI - COOPERATIVA DE TRABALHO MÉDICO,1998-12-17,Cooperativa Médica,MG
33379144000150,ÚNICA ASSISTENCIA MEDICA LTDA,2019-12-03,Medicina de Grupo,SP
72918287000144,ASSOCIAÇÃO POLICIAL DE ASSISTÊNCIA À SAÚDE DE RIBEIRÃO PRETO (APAS),1999-10-07,Autogestão,SP
45050963000138,BEMSTAR ASSISTENCIA MEDICA LTDA,2022-03-22,Medicina de Grupo,BA
84112481000117,"FEDERAÇÃO DAS SOCIEDADES COOPERATIVAS DE TRABALHO MÉDICO DO ACRE, AMAPÁ, AMAZONAS, PARÁ, RONDONIA E RORAIMA",1998-12-21,Cooperativa Médica,AM
44863959000126,UNIMED DE PRESIDENTE PRUDENTE COOPERATIVA DE TRAB. MÉDICO,1998-12-18,Cooperativa Médica,SP
01672007000112,SISTEMA PREVSAUDE DENTAL LTDA,1998-12-28,Odontologia de Grupo,CE
04002216000147,SV SAUDE ADMINSTRADORES DE PLANO DE SAUDE LTDA,2000-09-14,Medicina de Grupo,RJ
03980208000102,UNIMED REGIONAL DE TRES LAGOAS COOPERATIVA DE TRABALHO MÉDICO,1998-12-24,Cooperativa Médica,MS
11828089000103,LUMINAR SAÚDE - ASSOCIAÇÃO DE ASSISTÊNCIA À SAÚDE,2012-01-12,Autogestão,DF
43293604000186,SANTA HELENA ASSISTÊNCIA MÉDICA S/A.,1998-12-18,Medicina de Grupo,SP
04503249000170,ASSOCIAÇÃO DOS FUNCIONÁRIOS FISCAIS DO ESTADO DO AMAZONAS - AFFEAM,1998-12-31,Autogestão,AM
73936395000102,UNIMED ENCOSTA DA SERRA/RS SOCIEDADE COOPERATIVA DE SERVIÇOS DE SAÚDE LTDA.,1998-12-22,Cooperativa Médica,RS
34732056000152,ATITUDE SAÚDE ASSISTÊNCIA MEDICA LTDA,2020-02-27,Medicina de Grupo,BA
34539000000186,KLINI PLANOS DE SAÚDE LTDA,2019-12-18,Medicina de Grupo,RJ
25686544000180,UNIMED DE UBA COOPERATIVA DE TRABALHO MEDICO,1998-12-17,Cooperativa Médica,MG
01647867000104,UNIMED INTRAFEDERATIVA FEDERAÇÃO REGIONAL SUL DE MINAS,1998-12-18,Cooperativa Médica,MG
54557861000102,BLUZZ SAÚDE S/A,2024-09-02,Medicina de Grupo,ES
01367538000100,UNIODONTO MARINGA COOPERATIVA ODONTOLOGICA,1998-12-16,Cooperativa odontológica,PR
90747908000156,SULMED - ASSISTÊNCIA MÉDICA LTDA,1998-12-16,Medicina de Grupo,RS
89761670000134,ASSOCIAÇAO UNISAUDE MARAU,1998-12-31,Medicina de Grupo,RS
78953023000108,UNIMED NORTE PIONEIRO - COOPERATIVA DE TRABALHO MÉDICO,1998-12-17,Cooperativa Médica,PR
02018620000183,UNIMED DE CORUMBA COOPERATIVA DE TRABALHO MÉDICO,1998-12-24,Cooperativa Médica,MS
50368034000101,UNIMED DE AVARÉ COOPERATIVA DE TRABALHO MÉDICO,1998-12-18,Cooperativa Médica,SP
48982275000102,INNOVA PLANO DE SAUDE LTDA,2023-04-12,Medicina de Grupo,RO
17897995000138,PLADISA PLANOS DE SAÚDE SA,2014-09-02,Medicina de Grupo,SC
50739135000141,SOBAM CENTRO MÉDICO HOSPITALAR S.A.,1998-12-21,Medicina de Grupo,SP
04299138000194,BIOVIDA SAÚDE LTDA.,2005-02-16,Medicina de Grupo,SP
16665579000141,ASSOCIAÇÃO SANTA CASA SAÚDE DE ARAÇATUBA,2013-03-25,Medicina de Grupo,SP
70523899000102,UNIMED VALE DO JAURU COOPERATIVA DE TRABALHO MÉDICO,1998-12-28,Cooperativa Médica,MT
02149799000108,UNIODONTO VALE HISTORICO COOPERATIVA ODONTOLOGICA,1998-12-16,Cooperativa odontológica,SP
58837188000107,UNIMED SALTO/ITU - COOPERATIVA MÉDICA,1998-12-18,Cooperativa Médica,SP
15395999000192,UNIMED DE DOURADOS COOPERATIVA DE TRABALHO MÉDICO LTDA,1998-12-24,Cooperativa Médica,MS
30036685000197,CAIXA DE PREVIDÊNCIA E ASSISTÊNCIA DOS SERVIDORES DA FUNDAÇÃO NACIONAL DE SAÚDE - CAPESESP,1998-12-17,Autogestão,RJ
20918393000124,OPERADORA DE PLANOS PRIVADOS DE SAÚDE - SANTA CASA SAÚDE LTDA,2015-03-05,Medicina de Grupo,MS
03219363000100,SEPACO SAÚDE LTDA,1999-08-11,Medicina de Grupo,SP
87647756000105,UNIMED NOROESTE/RS - SOCIEDADE COOPERATIVA DE ASSISTÊNCIA À SAÚDE LTDA.,1998-12-21,Cooperativa Médica,RS
51212821000122,SAGRADA SAÚDE ASSISTÊNCIA MÉDICA LTDA,2024-01-02,Medicina de Grupo,MG
59847780000152,AUSTACLINICAS ASSISTÊNCIA MÉDICA E HOSPITALAR LTDA,1998-12-21,Medicina de Grupo,SP
03613857000175,CONFIANÇA ASSISTÊNCIA MÉDICO HOSPITALAR LTDA,2000-02-21,Medicina de Grupo,MG
62635990000191,ASSOCIACAO DOS AUDITORES FISCAIS DA RECEITA ESTADUAL DE SAO PAULO,1998-12-16,Autogestão,SP
00147571000153,ASSOCIAÇÃO POLICIAL DE ASSISTÊNCIA À SAÚDE DE BAURU,1999-08-04,Autogestão,SP
45100138000109,UNIMED SAO JOSÉ DO RIO PRETO - COOP. DE TRABALHO MÉDICO,1998-12-18,Cooperativa Médica,SP
29754208000188,VALE PLANOS DE SAÚDE LTDA,2024-06-10,Medicina de Grupo,PE
23869306000184,ASSOCIAÇÃO PADRE ALBINO SAÚDE,2016-07-06,Medicina de Grupo,SP
02888465000156,OPERADORA UNICENTRAL DE PLANOS DE SAÚDE LTDA.,1998-12-21,Medicina de Grupo,SP
85283299000191,UNIMED CHAPECÓ - COOPERATIVA DE TRABALHO MÉDICO DA REGIÃO OESTE CATARINENSE,1998-12-23,Cooperativa Médica,SC
33922160000147,ASSOCIAÇÃO FCA SAÚDE,2019-12-03,Autogestão,MG
80297161000128,UNIMED NORTE DO PARANÁ COOPERATIVA REGIONAL DE TRABALHO MÉDICO,1998-12-17,Cooperativa Médica,PR
10796140000171,ASSOCIAÇÃO SERVIÇOS ODONTOLÓGICOS DA INDÚSTRIA DE MINAS GERAIS - ODONTOINDUSTRIA,2010-04-09,Odontologia de Grupo,MG
04311093000126,CAIXA DE ASSISTENCIA DOS SERVIDORES DO ESTADO DE MATO GROSSO DO SUL,2001-04-16,Autogestão,MS
19512026000147,PLAMESC PLANOS DE SAÚDE LTDA,2015-11-18,Medicina de Grupo,RJ
51427540000197,UNIMED DE OURINHOS - COOPERATIVA DE TRABALHO MÉDICO,1998-12-18,Cooperativa Médica,SP
89640452000141,UNIMED REGIÃO DA CAMPANHA/RS - COOPERATIVA DE ASSISTÊNCIA À SAÚDE LTDA.,1998-12-22,Cooperativa Médica,RS
03627391000167,SOCIEDADE DE ASSISTÊNCIA MÉDICA - SAMEISA,2000-07-27,Autogestão,RS
03011072000122,PLANO HOSPITAL SAMARITANO LTDA,2000-05-12,Medicina de Grupo,SP
28953753000130,SD-M OPERADORA DE PLANOS DE SAUDE LTDA,2019-03-11,Medicina de Grupo,RJ
49210966000142,UNIMED REGIONAL DA BAIXA MOGIANA - COOPERATIVA DE TRABALHO MÉDICO,1998-12-16,Cooperativa Médica,SP
00494870000164,UNIMED DE IBITINGA COOPERATIVA DE TRABALHO MÉDICO,1998-12-18,Cooperativa Médica,SP
07057185000110,UNIMED MARANHÃO DO SUL - COOPERATIVA DE TRABALHO MÉDICO,1998-12-21,Cooperativa Médica,MA
11867361000156,ASSOCIAÇÃO SAÚDE SÃO JOSÉ,2013-06-13,Medicina de Grupo,SC
04463083000106,ITAUSEG SAÚDE S.A.,2001-07-27,Seguradora Especializada em Saúde,SP
93507895000136,POLIMÉDICA SAÚDE SOCIEDADE SIMPLES LTDA,1998-12-28,Medicina de Grupo,RS
95642179000197,HUMANA SAÚDE LTDA.,1998-12-22,Medicina de Grupo,PR
00826676000139,UNIODONTO DE SERTAOZINHO SP COOPERATIVA ODONTOLOGICA,1998-12-16,Cooperativa odontológica,SP
00200720000109,ASSOCIACAO POLICIAL DE ASSISTENCIA A SAUDE DE PRESIDENTE PRUDENTE (APAS),2000-01-27,Autogestão,SP
27047334000177,HEALTH-MED SISTEMA DE SAUDE LTDA,2019-04-30,Medicina de Grupo,RJ
78420783000150,UNIMED OESTE DO PARANA - COOPERATIVA DE TRABALHO MEDICO,1998-12-17,Cooperativa Médica,PR
01648339000161,VITA ASSISTÊNCIA A SAÚDE LTDA.,2004-07-13,Medicina de Grupo,MG
02618303000106,FUNASA SAÚDE,1998-12-28,Medicina de Grupo,PB
42465310000121,TELOS - FUNDAÇÃO EMBRATEL DE SEGURIDADE SOCIAL,1998-12-17,Autogestão,RJ
20160828000114,ASSOCIAÇÃO DOS SERVIDORES PÚBLICOS DA ADMINISTRAÇÃO DIRETA DO GOVERNO DO ESTADO DO PARÁ - ASPARÁ,2014-10-21,Autogestão,PA
75003525000180,UNIMED DE PARANAGUÁ COOPERATIVA DE TRABALHO MÉDICO,1998-12-17,Cooperativa Médica,PR
64388812000139,UNIMED TRÊS PONTAS - COOPERATIVA DE TRABALHO MÉDICO,1998-12-18,Cooperativa Médica,MG
41077489000187,AMPLA PLANOS DE SAUDE LTDA,2021-04-06,Medicina de Grupo,RJ
03638220000133,PLANO DE SAUDE ASES LTDA.,2000-06-27,Medicina de Grupo,RJ
02030246000131,ASSOCIAÇÃO BENEFICENTE DE ASSISTÊNCIA A SAÚDE DOS JUÍZES DO TRABALHO DA 15ª REGIÃO (ABAS 15),1998-12-22,Autogestão,SP
26150979000178,FUNDAÇÃO FILANTRÓPICA E BENEFICENTE DE SAÚDE ARNALDO GAVAZZA FILHO,1998-12-30,Filantropia,MG
40187311000126,GOCARE PLANOS DE SAUDE LTDA,2021-03-04,Medicina de Grupo,SP
49320799000192,ECONOMUS INSTITUTO DE SEGURIDADE SOCIAL,1998-12-21,Autogestão,SP
72120124000111,UNIODONTO RS FEDERACAO DAS UNIODONTOS DO RGS LTDA,1998-12-23,Cooperativa odontológica,RS
02852017000100,SISTEMAS E PLANOS DE SAÚDE LTDA.,1998-12-17,Medicina de Grupo,SP
66477217000103,UNIMED LAVRAS COOPERATIVA DE TRABALHO MÉDICO,1998-12-18,Cooperativa Médica,MG
05774975000190,SERVDONTO - PLANO DE ASSISTÊNCIA ODONTOLÓGICA LTDA,2003-10-31,Odontologia de Grupo,SE
39384664000137,UNIMED NOROESTE CAPIXABA COOPERATIVA DE TRABALHO MÉDICO.,1998-12-16,Cooperativa Médica,ES
08707473000135,UNIMED CAMPINA GRANDE - COOPERATIVA DE TRABALHO MEDICO LTDA,1998-12-21,Cooperativa Médica,PB
78339439000130,UNIMED DO ESTADO DO PARANÁ FEDERAÇÃO ESTADUAL DAS COOPERATIVAS MÉDICAS,1998-12-17,Cooperativa Médica,PR
03694367000140,AESP ODONTO ASSISTÊNCIA ODONTOLÓGICA S/S LTDA EPP,2001-03-07,Odontologia de Grupo,SP
00665690000106,ASSOCIAÇÃO POLICIAL DE ASSISTÊNCIA À SAÚDE DE DRACENA,1999-09-06,Autogestão,SP
22709109000135,BENEFICENCIA SOCIAL BOM SAMARITANO,2018-06-28,Filantropia,MG
44803922000102,UNIMED DE PIRACICABA SOCIEDADE COOPERATIVA DE SERVIÇOS MÉDICOS,1998-12-17,Cooperativa Médica,SP
92827666000136,INSTITUIÇÃO BENEFICENTE CEL MASSOT - IBCM,2014-07-14,Autogestão,RS
32440968000125,UNIMED SUL CAPIXABA COOPERATIVA DE TRABALHO MÉDICO,1998-12-16,Cooperativa Médica,ES
69015113000167,UNIODONTO DE AMERICANA COOPERATIVA ODONTOLÓGICA,1998-12-17,Cooperativa odontológica,SP
08380701000105,UNIMED NATAL SOC. COOP. DE TRAB. MÉDICO,1998-12-28,Cooperativa Médica,RN
45467404000128,UNIMED DE REGISTRO COOPERATIVA DE TRABALHO MÉDICO,1998-12-18,Cooperativa Médica,SP
01685053000156,SUL AMERICA COMPANHIA DE SEGURO SAÚDE,1998-12-16,Seguradora Especializada em Saúde,RJ
51262335000119,CLÍNICA SÃO GABRIEL S/S LTDA,2007-03-08,Medicina de Grupo,SP
87827689000100,UNIMED SERRA GAUCHA/RS COOPERATIVA DE ASSISTENCIA A SAUDE LTDA,1998-12-22,Cooperativa Médica,RS
37354048000108,YOU ASSISTÊNCIA MÉDICA LTDA.,2020-09-03,Medicina de Grupo,MG
00846662000187,LIV LINHAS INTELIGENTES DE ATENÇÃO À VIDA S/A,1999-01-06,Medicina de Grupo,SP
33601568000117,CAIXA DE ASSISTÊNCIA DOS EMPREGADOS DO SETOR PÚBLICO DO ESTADO DE GOIÁS - CAEME,1998-12-16,Autogestão,GO
34907159000106,ODONT-OPERADORA ODONTOLOGICA LTDA,2019-12-18,Odontologia de Grupo,SP
68668045000172,AMESC - ASSOCIAÇÃO MÉDICA ESPÍRITA CRISTÃ,1999-02-24,Medicina de Grupo,RJ
73162760000179,UNIODONTO DE SÃO JOSÉ DOS CAMPOS COOPERATIVA DE TRABALHO ODONTOLÓGICO,1998-12-16,Cooperativa odontológica,SP
01476619000130,UNIMED GURUPI COOPERATIVA DE TRABALHO MÉDICO,1998-12-24,Cooperativa Médica,TO
29174910000172,AMHE MED ASSISTENCIA A SAUDE LTDA - EPP,2019-06-13,Medicina de Grupo,SP
45118429000116,UNIMED DE CATANDUVA - COOPERATIVA DE TRABALHO MÉDICO,1998-12-18,Cooperativa Médica,SP
02751464000165,ODONTOGROUP SISTEMA DE SAÚDE LTDA.,1998-12-16,Odontologia de Grupo,DF
08202035000115,ASSOCIAÇÃO DE ASSISTÊNCIA À SAÚDE DOS EMPREGADOS DA COPASA,2008-02-18,Autogestão,MG
92240605000178,ON MED ASSISTÊNCIA MÉDICA LTDA,1999-01-25,Medicina de Grupo,RS
22694698000125,INTERCLINICAS PLANO VIDA USA OPERADORA DE SAUDE LTDA,2017-03-27,Medicina de Grupo,SP
28633372000174,SAÚDE BRASIL ASSISTÊNCIA MÉDICA LTDA.,2018-03-18,Medicina de Grupo,SP
59527440000144,UNIODONTO DE JUNDIAÍ COOPERATIVA ODONTOLÓGICA,1998-12-16,Cooperativa odontológica,SP
02896924000143,POLI SAUDE OPERADORA DE PLANO DE SAUDE LTDA,1998-12-24,Medicina de Grupo,PR
03315918000118,UNIMED CAMPO GRANDE MS COOPERATIVA DE TRABALHO MÉDICO,1998-12-23,Cooperativa Médica,MS
42946061000196,UNIMED ALFENAS COOPERATIVA DE TRABALHO MEDICO,1998-12-18,Cooperativa Médica,MG
13026081000140,FUNDO DE ASSISTÊNCIA MÉDICO-HOSPITALAR DO MINISTÉRIO PÚBLICO,2011-07-13,Autogestão,MS
72957814000120,SANTA CASA DE MISERICÓRDIA DE VOTUPORANGA,1998-12-22,Filantropia,SP
46124624000111,UNIMED CAMPINAS - COOPERATIVA DE TRABALHO MÉDICO,1998-12-21,Cooperativa Médica,SP
82996703000186,UNIMED DE CRICIÚMA COOPERATIVA DE TRABALHO MÉDICO DA REGIÃO CARBONÍFERA,1998-12-17,Cooperativa Médica,SC
00552181000169,UNIMED DE MOCOCA COOPERATIVA DE TRAB. MÉDICO,1998-12-18,Cooperativa Médica,SP
40853020000120,UNIMED VALE DO SÃO FRANCISCO COOPERATIVA DE TRABALHO MÉDICO,1998-12-23,Cooperativa Médica,PE
37898335000189,UNIMED DE MINEIROS COOPERATIVA DE TRABALHO MÉDICO,1998-12-24,Cooperativa Médica,GO
60633369000163,UNIMED DE BEBEDOURO COOPERATIVA DE TRABALHO MÉDICO,1998-12-18,Cooperativa Médica,SP
73809352000166,FUNDAÇÃO SAÚDE ITAÚ,1998-12-17,Autogestão,MG
88732318000108,UNIMED ALTO DA SERRA - SOCIEDADE COOPERATIVA DE SERVIÇO MÉDICO LTDA.,1998-12-23,Cooperativa Médica,RS
80653975000158,UNIMED EXTREMO OESTE CATARINENSE COOPERATIVA DE TRABALHO MÉDICO,1998-12-17,Cooperativa Médica,SC
74466137000172,UNIMED DE GUARULHOS COOPERATIVA DE TRABALHO MÉDICO,1998-12-23,Cooperativa Médica,SP
00381694000154,UNIMED ALTO VALE - COOPERATIVA DE TRABALHO MÉDICO,1998-12-16,Cooperativa Médica,SC
85246916000189,COOPERATIVA DE TRABALHO MEDICO REGIÃO DO PLANALTO SERRANO,1998-12-17,Cooperativa Médica,SC
02774736000142,OPERADORA UNIESTE DE PLANOS DE SAÚDE LTDA,1998-12-21,Medicina de Grupo,RJ
05455431000166,CASA DE SAÚDE NOSSA SENHORA DE FÁTIMA  LTDA.,1999-01-04,Medicina de Grupo,CE
35657268000185,ASSOCIAÇÃO DE SAÚDE DO VALE,2020-07-14,Medicina de Grupo,SC
24645912000189,PLANO DE SAÚDE DA SANTA CASA DE BRAGANÇA PAULISTA,2016-07-06,Medicina de Grupo,SP
37319040000100,VOCÊ TOTAL PLANOS DE SAÚDE LIMITADA,2020-12-10,Medicina de Grupo,SP
02156150000114,DENTALPAR ASSISTÊNCIA ODONTOLÓGICA EMPRESARIAL LTDA.,1998-12-30,Odontologia de Grupo,SP
00034259000153,ASSOCIAÇÃO POLICIAL DE ASSISTÊNCIA A SAÚDE DA BAIXADA SANTISTA,1999-11-03,Autogestão,SP
59849182000112,SANTA CASA DE MISERICORDIA DE SAO JOAQUIM DA BARRA,1998-12-24,Filantropia,SP
81733115000197,UNIMED DE CIANORTE - COOPERATIVA DE TRABALHO MEDICO,1998-12-17,Cooperativa Médica,PR
29167970000168,"ASSOCIAÇÃO DOS SERVIDORES MUNICIPAIS, ESTADUAIS E FEDERAIS DO RIO DE JANEIRO",1999-01-19,Medicina de Grupo,RJ
04234059000103,PREVENT SENIOR CORPORATE OPERADORA DE SAÚDE LTDA.,2001-03-07,Medicina de Grupo,SP
00763923000103,UNIMED ALTO PARANAIBA COOPERATIVA DE TRABALHO MEDICO,1998-12-17,Cooperativa Médica,MG
69099307000198,CROWN ODONTOLOGIA DE GRUPO LTDA,1998-12-24,Odontologia de Grupo,SP
15215452000168,CAIXA DE ASSISTÊNCIA DOS EMPREGADOS DO BANEB,1998-12-30,Autogestão,BA
24807514000111,ASSOCIAÇÃO SANTA CASA CLÍNICAS DE BIRIGUI,2017-03-27,Medicina de Grupo,SP
35642768000143,UNIMED METROPOLITANA DO AGRESTE - COOPERATIVA DE TRABALHO MÉDICO,1998-12-21,Cooperativa Médica,AL
01402285000150,DENTAL GOLD ASSISTÊNCIA ODONTOLÓGICA LTDA.,1998-12-22,Odontologia de Grupo,PB
03773153000160,TERRAMAR ADMINISTRADORA DE PLANO DE SAUDE LTDA,2000-12-15,Medicina de Grupo,BA
71565659000133,ASSOCIACAO POLICIAL DE ASSISTENCIA A SAUDE DE ITAPETININGA,1999-07-21,Autogestão,SP
53454617000143,SISTEMA TOTAL DE SAÚDE LTDA.,1999-03-12,Medicina de Grupo,SP
03033006000153,CAIXA DE ASSISTÊNCIA OSWALDO CRUZ,2010-09-21,Autogestão,RJ
11939445000158,ASSOCIAÇÃO DE SAÚDE PORTUGUESA DE BENEFICÊNCIA,2010-09-02,Medicina de Grupo,SP
02597394000132,UNIMED VALE DO SEPOTUBA - COOPERATIVA DE TRABALHO MÉDICO,1998-12-28,Cooperativa Médica,MT
69612158000119,UNIMED REGIONAL DE PICOS - COOPERATIVA DE TRABALHO MÉDICO,1998-12-21,Cooperativa Médica,PI
12442737000143,UNIMED MACEIO COOPERATIVA DE TRABALHO MÉDICO,1998-12-23,Cooperativa Médica,AL
00172586000171,UNIODONTO DE PRESIDENTE PRUDENTE COOPERATIVA ODONTOLOGICA,1998-12-17,Cooperativa odontológica,SP
00642842000147,ASSOCIAÇÃO POLICIAL DE ASSISTÊNCIA À SAÚDE - VALE DO RIBEIRA,1999-10-26,Autogestão,SP
02338268000163,UNIODONTO DE SC COOPERATIVA ADMINISTRADORA DE CONTRATOS,1998-12-18,Cooperativa odontológica,SC
76882612000117,CLINIPAM CLINICA PARANAENSE DE ASSISTENCIA MEDICA LTDA,1998-12-22,Medicina de Grupo,CE
68709211000131,UNIMED RESENDE COOPERATIVA DE TRABALHO MÉDICO,1998-12-21,Cooperativa Médica,RJ
42939207000176,UNIMED CAMPO BELO- COOPERATIVA DE TRABALHO MÉDICO,1998-12-18,Cooperativa Médica,MG
45568546000181,ALMA ODONTO OPERADORA DE PLANOS ODONTOLOGICOS LTDA,2022-05-30,Odontologia de Grupo,SP
35917970000130,UNIMED DE VOLTA REDONDA COOPERATIVA DE TRABALHO MÉDICO,1998-12-21,Cooperativa Médica,RJ
06145428000109,PORTO DIAS SAUDE LTDA.,2005-02-03,Medicina de Grupo,PA
02866602000151,SUL AMÉRICA PARANÁ CLÍNICAS SERVIÇOS DE SAÚDE S.A.,2007-10-31,Medicina de Grupo,SP
62476676000103,INTERMEDICI PIRACICABA ASSISTENCIA MEDICA LTDA,1998-12-22,Medicina de Grupo,SP
22666341000133,PRONTOCLINICA E HOSPITAIS SAO LUCAS S/A,1998-12-22,Medicina de Grupo,MG
87701249000102,UNIMED MISSÕES/RS - COOPERATIVA DE ASSISTÊNCIA À SAÚDE LTDA.,1998-12-22,Cooperativa Médica,RS
04911101000175,VIVENTERIS LTDA,2003-10-10,Odontologia de Grupo,PR
28806545000109,UNIMED PETROPOLIS-RJ COOPERATIVA DE TRABALHO MÉDICO,1998-12-24,Cooperativa Médica,RJ
51628360000173,PRONTO SOCORRO CONDE DE MOREIRA LIMA,2010-08-03,Medicina de Grupo,SP
89100135000132,UNIMED PLANALTO CENTRAL/RS - COOPERATIVA DE ASSISTÊNCIA  À SAÚDE LTDA.,1998-12-22,Cooperativa Médica,RS
30724638000136,ASSOCIAÇÃO HOSPITAL SAÚDE DE VARGEM GRANDE DO SUL,2019-04-08,Medicina de Grupo,SP
17505793000101,ABERTTA SAÚDE - ASSOCIAÇÃO BENEFICENTE DOS EMPREGADOS DA ARCELORMITTAL NO BRASIL,1998-12-28,Autogestão,MG
59766105000107,ASSOCIAÇÃO POLICIAL DE ASSISTÊNCIA À SAÚDE,1999-08-06,Autogestão,SP
72234164000194,UNIMED ALTO JACUÍ/RS - COOPERATIVA DE ASSISTÊNCIA À SAÚDE LTDA,1998-12-23,Cooperativa Médica,RS
41511429000120,UNIMED REGIONAL DE FLORIANO - COOPERATIVA DE TRABALHO MÉDICO,1998-12-21,Cooperativa Médica,PI
29117294000118,PLANO SIGMA SAÚDE LTDA,2022-12-12,Medicina de Grupo,SP
87497368000195,UNIMED SANTA MARIA/RS - COOPERATIVA DE ASSISTÊNCIA À SAÚDE LTDA,1998-12-22,Cooperativa Médica,RS
42785902000120,INFINITY SAÚDE SUPLEMENTAR LTDA,2023-04-03,Medicina de Grupo,MT
26368613000170,UNIMED CARATINGA - COOPERATIVA DE TRABALHO MÉDICO LTDA,1998-12-17,Cooperativa Médica,MG
21839519000138,UNIMED CONSELHEIRO LAFAIETE COOPERATIVA DE TRABALHO MÉDICO LTDA,1998-12-17,Cooperativa Médica,MG
72547623000190,SANTA CASA DE MISERICÓRDIA DE TUPÃ,1998-12-28,Filantropia,SP
00531736000196,UNIODONTO JACAREÍ COOPERATIVA ODONTOLÓGICA,1998-12-18,Cooperativa odontológica,SP
22720791000167,UNIMED INCONFIDENTES COOPERATIVA DE TRABALHO MÉDICO LTDA.,1998-12-17,Cooperativa Médica,MG
00571628000147,DENTAL PLUS CONVÊNIO ODONTOLÓGICO LTDA.,1998-12-23,Odontologia de Grupo,SP
02254846000183,COOPERATIVA ODONTOLÓGICA DO ESTADO DO AMAPÁ,1999-01-04,Cooperativa odontológica,AP
13816250000146,OPLAN SAÚDE OPERADORA DE PLANO DE SAÚDE LTDA,2011-09-13,Medicina de Grupo,RJ
00773639000100,CENTRO CLÍNICO GAÚCHO LTDA,1998-12-29,Medicina de Grupo,CE
58119199000151,ODONTOPREV S/A,1998-12-18,Odontologia de Grupo,SP
02192677000102,UNIMED MORRINHOS COOPERATIVA DE TRABALHO MEDICO,1998-12-24,Cooperativa Médica,GO
47432143000136,PLENUM ASSISTENCIA MEDICA  LTDA,2023-01-18,Medicina de Grupo,DF
29290152000158,UNIMED DE BARRA MANSA SOC. COOP. SERV.MED.E HOSPIT.,1998-12-21,Cooperativa Médica,RJ
24449225000198,UNIMED CARUARU-COOPERATIVA DE TRABALHO MEDICO,1998-12-23,Cooperativa Médica,PE
06814351000112,CEDPLAN SAÚDE LTDA EPP,2013-01-11,Medicina de Grupo,MG
15323270000100,ASSOCIAÇÃO MAIS SAÚDE SANTA CASA DE SÃO JOÃO DA BOA VISTA,2013-10-22,Medicina de Grupo,SP
35436658000125,DENTAL CENTER LTDA,1999-01-15,Odontologia de Grupo,PB
83367342000171,ASSOCIAÇÃO ADVENTISTA NORTE BRASILEIRA DE PREVENÇÃO E ASSISTÊNCIA A SAÚDE,1999-07-21,Filantropia,PA
82956996000178,FUNDAÇÃO CELESC DE SEGURIDADE SOCIAL - CELOS,1998-12-21,Autogestão,SC
23802218000165,UNIMED ITAJUBA COOPERATIVA DE TRABALHO MEDICO,1998-12-18,Cooperativa Médica,MG
01608379000180,UNIMED CENTRO OESTE PAULISTA - FEDERAÇÃO INTRAFEDERATIVA DAS COOPERATIVAS MÉDICAS,1998-12-18,Cooperativa Médica,SP
92128610000193,"UNIMED VALE DAS ANTAS, RS - COOPERATIVA DE ASSISTÊNCIA À SAÚDE LTDA.",1998-12-22,Cooperativa Médica,RS
80871551000160,UNIMED PATO BRANCO SOCIEDADE COOPERATIVA DE MÉDICOS,1998-12-17,Cooperativa Médica,PR
10364053000145,ODONTOLIVE OPERADORA DE PLANOS ODONTOLÓGICOS LTDA.,2011-01-24,Odontologia de Grupo,SP
23031479000129,UNIODONTO DE MANAUS - COOPERATIVA ODONTOLÓGICA LTDA.,1998-12-22,Cooperativa odontológica,AM
18987107000130,CEAM BRASIL - PLANOS DE SAÚDE LTDA,1998-12-18,Medicina de Grupo,MG
03273825000178,METLIFE PLANOS ODONTOLÓGICOS LTDA.,1999-07-19,Odontologia de Grupo,SP
45207131000182,UNIMED DE GUARATINGUETA-COOPERATIVA DE TRABALHO MÉDICO,1998-12-16,Cooperativa Médica,SP
00648506000101,ASSOCIAÇÃO POLICIAL DE ASSISTÊNCIA À SAÚDE DE PRESIDENTE VENCESLAU,2000-05-08,Autogestão,SP
02403281000159,SAMP ESPIRITO SANTO ASSISTENCIA MEDICA SA,1998-12-22,Medicina de Grupo,ES
68687722000108,G & M ASSESSORIA MEDICA EMPRESARIAL LTDA,1999-10-22,Medicina de Grupo,RJ
84537141000138,SAMEL PLANO DE SAÚDE LTDA,1998-12-29,Medicina de Grupo,AM
26189530000113,UNIMED CURVELO COOPERATIVA DE TRABALHO MÉDICO LTDA.,1998-12-16,Cooperativa Médica,MG
17048922000171,ODONTO PRIME S/S LTDA,2013-08-01,Odontologia de Grupo,CE
01143922000110,UNIMED CACERES COOPERATIVA DE TRABALHO MÉDICO,1998-12-24,Cooperativa Médica,MT
86483542000188,UNIMED VALE DO CARANGOLA COOPERATIVA DE TRABALHO MEDICO LTDA,1998-12-17,Cooperativa Médica,MG
12923462000160,UNIODONTO DE JOÃO PESSOA COOPERATIVA ODONTOLÓGICA,1998-12-17,Cooperativa odontológica,PB
17333055000116,UNIODONTO UBERABA - COOPERATIVA DE ASSISTÊNCIA À SAÚDE ODONTOLÓGICA LTDA,1998-12-17,Cooperativa odontológica,MG
20961779000119,ASSOCIAÇÃO PLANO DE SAÚDE SANTA CASA DE VALINHOS,2015-11-09,Medicina de Grupo,SP
23278898000160,IRMANDADE DA SANTA CASA DE MISERICÓRDIA DE PASSOS,1998-12-22,Filantropia,MG
13083167000105,ASSOCIACAO DOS SERVIDORES DA EMDAGRO - ASSEM,2016-04-14,Autogestão,SE
02314168000105,UNIMED CAJAZEIRAS - SOCIEDADE COOPERATIVA DE TRABALHO MÉDICO,1998-12-21,Cooperativa Médica,PB
42855999000109,UNIMED TRÊS CORAÇÕES COOPERATIVA DE TRABALHO MÉDICO LTDA.,1998-12-18,Cooperativa Médica,MG
37652765000116,UNIMED DE JATAÍ COOPERATIVA DE TRABALHO MÉDICO LTDA.,1998-12-24,Cooperativa Médica,GO
97388490000187,UNIMED COSTA DO DESCOBRIMENTO COOPERATIVA DE TRABALHO MÉDICO,1998-12-21,Cooperativa Médica,BA
42425561000182,SAMIG - SERV. DE ASSISTENCIA MEDICA DA ILHA DO GOVERNADOR LTDA,1998-12-28,Medicina de Grupo,RJ
96509690000188,SÃO LUCAS SAÚDE S/A,1998-12-23,Medicina de Grupo,SP
16513178000176,UNIMED BELO HORIZONTE COOPERATIVA DE TRABALHO MÉDICO,1998-12-16,Cooperativa Médica,MG
58702853000155,UNIODONTO DE SOROCABA COOPERATIVA ODONTOLÓGICA,1998-12-16,Cooperativa odontológica,SP
03098226000165,SÃO FRANCISCO ASSISTÊNCIA MÉDICA LTDA,1999-04-28,Medicina de Grupo,PE
66453168000160,UNIMED SÃO SEBASTIÃO DO PARAÍSO COOPERATIVA DE TRABALHO MÉDICO,1998-12-18,Cooperativa Médica,MG
77893469000121,HOSPITAL DE CARIDADE SÃO VICENTE DE PAULO,2017-10-25,Filantropia,PR
00338763000147,PLENA SAÚDE S.A.,1998-12-30,Medicina de Grupo,SP
00532888000103,UNIMED REGIÃO DA PRODUÇÃO/RS - COOPERATIVA DE ASSISTÊNCIA À SAÚDE LTDA,1998-12-22,Cooperativa Médica,RS
00444803000135,ASSOCIAÇÃO POLICIAL DE ASSISTÊNCIA A SAÚDE,1999-10-27,Autogestão,SP
04540010000170,PORTO SEGURO - SEGURO SAÚDE S/A,2001-07-31,Seguradora Especializada em Saúde,SP
39419809000198,PASA - PLANO DE ASSISTENCIA A SAUDE DO APOSENTADO DA VALE,1998-12-22,Autogestão,RJ
02322043000119,UNIMED REGIONAL JAU - COOPERATIVA DE TRABALHO MÉDICO,1998-12-18,Cooperativa Médica,SP
45572583000163,GARANTIA DE SAÚDE LTDA,1998-12-22,Medicina de Grupo,SP
68204486000113,UNIMED DE DRACENA - COOPERATIVA DE TRABALHO MÉDICO,1998-12-21,Cooperativa Médica,SP
13223975000120,CAIXA SEGURADORA ESPECIALIZADA EM SAÚDE S/A,2011-05-05,Seguradora Especializada em Saúde,SP
29910807000143,RIO DOCE SAÚDE,2018-08-15,Medicina de Grupo,ES
18321477000134,ASSOCIAÇÃO SANTA CASA SAÚDE DE SÃO JOSÉ DOS CAMPOS,2014-01-08,Medicina de Grupo,SP
37020290000145,TRINO - ALIANCA FILANTRÓPICA DE ASSISTÊNCIA E INTEGRAÇÃO PARA O DESENVOLVIMENTO DA SAUDE,2021-07-29,Medicina de Grupo,ES
02858169000102,NOSAMED ASSISTÊNCIA MÉDICA LTDA.,1998-12-22,Medicina de Grupo,SP
71559272000174,ASSOCIAÇÃO POLICIAL DE ASSISTÊNCIA À SAÚDE,1999-11-30,Autogestão,SP
25250820000162,UNIMED DIVINOPOLIS - COOPERATIVA DE TRABALHO MEDICO LTDA,1998-12-17,Cooperativa Médica,MG
10767219000174,PLANO DE ASSISTÊNCIA ODONTOLÓGICA FAUCHARD LTDA. ME,2009-10-29,Odontologia de Grupo,BA
31097886000167,PERSONAL CARE OPERADORA DE SAÚDE SA,2019-07-16,Medicina de Grupo,SP
34844263000107,ELETROS SAÚDE - ASSOCIAÇÃO DE ASSISTÊNCIA À SAÚDE,2019-12-11,Autogestão,RJ
01554266000149,UNIMED DE BRUSQUE COOPERATIVA DE TRABALHO MÉDICO,1998-12-17,Cooperativa Médica,SC
37256591000172,UNIODONTO DO SUL GOIANO COOPERATIVA ODONTOLOGICA,1998-12-17,Cooperativa odontológica,GO
26291484000169,UNIMED GUAXUPÉ COOPERATIVA DE TRABALHO MEDICO,1998-12-18,Cooperativa Médica,MG
75055772000120,UNIMED CURITIBA - SOCIEDADE COOPERATIVA DE MÉDICOS,1998-12-21,Cooperativa Médica,PR
57272510000135,ASSOCIAÇÃO POLICIAL DE ASSISTÊNCIA À SAÚDE,1999-08-04,Autogestão,SP
50565317000143,SERV  SOCIAL AUTÔNOMO DE ASSIST À SAÚDE DOS SERV PÚBLICOS E MILITARES DE GOIÁS,2024-10-01,Autogestão,GO
08237810000178,UNIODONTO/RN - COOPERATIVA ODONTOLOGICA DO RIO GRANDE DO NORTE,1998-12-17,Cooperativa odontológica,RN
00262338000111,UNIMED DE ADAMANTINA-COOPERATIVA DE TRABALHO MÉDICO,1998-12-18,Cooperativa Médica,SP
12055813000168,CEMIG SAÚDE,2010-08-13,Autogestão,MG
00395266000180,MAIS SAÚDE PLANO DE SAÚDE LTDA,2004-12-06,Medicina de Grupo,GO
31763326000102,EXCELÊNCIA PLANO DE SAÚDE S/A,2019-04-16,Medicina de Grupo,ES
55189930000127,IRMANDADE DE MISERICORDIA DE PORTO FERREIRA,1998-12-17,Filantropia,SP
31466949000105,SAMEDIL SERVIÇOS DE ATENDIMENTO MÉDICO S/A,1998-12-30,Medicina de Grupo,ES
56727134000163,UNIMED JUNDIAI - COOPERATIVA DE TRABALHO MÉDICO,1998-12-18,Cooperativa Médica,SP
71186886000158,UNIMED SÃO JOÃO NEPOMUCENO COOPERATIVA DE TRABALHO MÉDICO LTDA.,1998-12-22,Cooperativa Médica,MG
47565155000139,UNIMED DE PINDAMONHANGABA - COOPERATIVA TRABALHO MEDICO,1998-12-16,Cooperativa Médica,SP
76590884000143,UNIMED DO ESTADO DE SANTA CATARINA FED. EST. DAS COOP. MÉD.,1998-12-16,Cooperativa Médica,SC
87547444000120,ASSOCIAÇÃO DR. BARTHOLOMEU TACCHINI,1998-12-22,Filantropia,RS
28023703000154,ÔNIX OPERADORA DE PLANOS DE SAÚDE LTDA,1999-08-23,Medicina de Grupo,RJ
03187913000157,ODONTOART PLANOS ODONTOLÓGICOS LTDA,2002-10-01,Odontologia de Grupo,CE
03657699000155,SINDIFISCO NACIONAL - SINDICATO NACIONAL DOS AUDITORES-FISCAIS DA RECEITA FEDERAL DO BRASIL,1998-12-28,Autogestão,DF
25810946000144,UNIMED BARBACENA - COOPERATIVA DE TRABALHO MÉDICO LTDA,1998-12-17,Cooperativa Médica,MG
60961422000155,"SERVIÇO SOCIAL DA INDÚSTRIA DO PAPEL, PAPELÃO E CORTIÇA DO ESTADO DE SÃO PAULO - SEPACO",2016-02-22,Autogestão,SP
86584901000193,UNIMED MACHADO COOPERATIVA DE TRABALHO MEDICO,1998-12-18,Cooperativa Médica,MG
33721226000130,SAMOC S.A. - SOCIEDADE ASSISTENCIAL MÉDICA E ODONTO CIRÚRGICA,1998-12-17,Medicina de Grupo,RJ
10219897000100,UNIMED OESTE DO PARÁ - COOPERATIVA DE TRABALHO MÉDICO,1998-12-21,Cooperativa Médica,PA
27626696000112,UNIMED CABO FRIO COOPERATIVA TRABALHO MÉDICO LTDA.,1998-12-21,Cooperativa Médica,RJ
03658432000182,GEAP AUTOGESTÃO EM SAÚDE,1998-12-22,Autogestão,DF
81715716000177,UNIMED REGIONAL DE CAMPO MOURÃO COOP TRAB MEDICO,1998-12-17,Cooperativa Médica,PR
01867792000169,NACIONAL ODONTO OPERADORA DE PLANOS ODONTOLÓGICOS LTDA.,1999-02-03,Odontologia de Grupo,PE
20946877000187,AMPARA ASSISTÊNCIA MÉDICA PARAÍSO LTDA,1998-12-21,Medicina de Grupo,MG
59007799000190,ASSOCIACAO DE SAUDE HOLAMBRA,1999-02-03,Medicina de Grupo,SP
77858611000108,UNIMED GRANDE FLORIANÓPOLIS-COOPERATIVA DE TRABALHO MEDICO,1998-12-16,Cooperativa Médica,SC
41687179000184,UNIMED PATROCÍNIO COOPERATIVA DE TRABALHO MÉDICO LTDA.,1998-12-17,Cooperativa Médica,MG
25910449000118,UNIMED ARAXÁ COOPERATIVA DE TRABALHO MÉDICO LTDA.,1998-12-17,Cooperativa Médica,MG
03548273000163,MEDIC GLOBAL PLANOS DE SAÚDE LTDA.,2000-08-04,Medicina de Grupo,MG
39149389000177,LIVRI OPERADORA DE PLANO DE SAÚDE LTDA,2020-12-30,Medicina de Grupo,SP
77375897000162,FUNDAÇÃO SANEPAR DE ASSISTÊNCIA SOCIAL,1998-12-17,Autogestão,PR
02513939000185,PLANO ASSISTENCIAL SÃO LUCAS LTDA,1999-01-04,Medicina de Grupo,MG
00840048000108,UNIMED DE PIRASSUNUNGA COOPERATIVA DE TRABALHO MÉDICO,1998-12-16,Cooperativa Médica,SP
14891935000110,ODONTO SEG OPERADORA DE PLANOS ODONTOLOGICOS S.A.,2014-02-17,Odontologia de Grupo,SP
03849449000117,ASSOCIAÇÃO ASSISTENCIAL DE SAÚDE SUPLEMENTAR CRUZ AZUL SAÚDE,2000-07-21,Medicina de Grupo,SP
14799035000147,ASSOCIAÇÃO DOS SERVIDORES FISCAIS DO ESTADO DA BAHIA,1998-12-23,Autogestão,BA
27085968000114,CAIXA DE ASSISTÊNCIA AOS MEMBROS DA DEFENSORIA PÚBLICA DO ESTADO DO RIO DE JANEIRO,2013-03-25,Autogestão,RJ
74521188000150,UNIMED DE SÃO ROQUE - COOPERATIVA DE TRABALHO MÉDICO,1998-12-16,Cooperativa Médica,SP
56269913000162,PREVIDENT ASSISTÊNCIA ODONTOLÓGICA S.A,1999-01-05,Odontologia de Grupo,SP
01445199000124,UNIHOSP SAÚDE LTDA,1998-12-16,Medicina de Grupo,SP
02248344000140,UNIMED FRUTAL COOPERATIVA DE TRABALHO MEDICO LTDA,1998-12-17,Cooperativa Médica,MG
04197511000104,CAIXA DE ASSISTÊNCIA DO SINDFISCO - CASSIND,2001-04-09,Autogestão,SE
04204285000133,CAIXA DE ASSISTÊNCIA DOS FUNCIONÁRIOS DO BANCO DA AMAZÔNIA - CASF,1998-12-23,Autogestão,PA
68682715000105,PLAMER PLANO MEDICO RESENDE LTDA,1998-12-17,Medicina de Grupo,RJ
41905498000119,UNIMED NOROESTE DE MINAS COOPERATIVA DE TRABALHO MEDICO LTDA,1998-12-17,Cooperativa Médica,MG
03494031000134,COOPERATIVA ODONTOLÓGICA POÇOS DE CALDAS,1999-11-11,Cooperativa odontológica,MG
37313475000148,UNIMED PALMAS COOPERATIVA DE TRABALHO MÉDICO,1998-12-24,Cooperativa Médica,TO
17146846000137,PESSOAL SAÚDE PLANOS DE ASSISTÊNCIA MÉDICA LTDA,1998-12-31,Medicina de Grupo,SP
87306361000149,UNIMED VALE DO CAÍ/RS - COOPERATIVA DE ASSISTÊNCIA À SAÚDE LTDA.,1998-12-22,Cooperativa Médica,RS
19962272000109,BRASILDENTAL OPERADORA DE PLANOS ODONTOLÓGICOS S.A.,2014-06-27,Odontologia de Grupo,SP
07781345000179,ASSOCIAÇÃO DE ASSISTÊNCIA À SAÚDE DA AMAGIS,2008-06-30,Autogestão,MG
83937631000169,CAIXA ASSISTENCIAL E BENEFICENTE DOS FUNCIONÁRIOS DA ACARESC,1998-12-21,Autogestão,SC
25063964000100,FUNDAÇÃO DE ASSISTÊNCIA À SAÚDE DA ASSOCIAÇÃO DO MINISTÉRIO PÚBLICO DO RIO GRANDE DO SUL,2017-01-27,Autogestão,RS
07945024000162,ASSOCIAÇÃO DE ASSISTÊNCIA MÉDICO HOSPITALAR DOS MAGISTRADOS DO ESTADO DO PARANÁ,2011-03-31,Autogestão,PR
03518900000113,INSTITUTO CURITIBA DE SAÚDE,2013-09-06,Autogestão,PR
25064148000110,COOPERATIVA DE TRABALHO MEDICO DE ARAGUAÍNA - UNIMED ARAGUAÍNA,1998-12-24,Cooperativa Médica,TO
41432461000110,TEMPO MED PLANO DE SAUDE LTDA,2021-05-19,Medicina de Grupo,SC
09237009000195,UNIMED NORTE/NORDESTE-FEDERAÇÃO INTERFEDERATIVA DAS SOCIEDADES COOPERATIVAS DE TRABALHO MÉDICO EM RECUPERAÇÃO JUDICIAL,1998-12-18,Cooperativa Médica,PB
67839969000121,AMEPLAN ASSISTÊNCIA MÉDICA PLANEJADA LTDA,1998-12-24,Medicina de Grupo,SP
02752923000125,PROASA SAÚDE,1998-12-18,Medicina de Grupo,DF
92316124000107,UNIMED REGIÃO DA FRONTEIRA - RS COOPERATIVA DE ASSISTÊNCIA À SAÚDE LTDA.,1998-12-22,Cooperativa Médica,RS
25335803000128,ASSOCIAÇÃO BENEFICENTE CATÓLICA,1998-12-29,Filantropia,MG
72916364000127,ASSOCIAÇÃO POLICIAL DE ASSISTÊNCIA À SAÚDE DE BARRETOS,1999-08-20,Autogestão,SP
12585261000108,FUNDAÇAO COMPESA DE PREVIDENCIA E ASSISTENCIA - COMPESAPREV,1998-12-28,Autogestão,PE
30505523000150,DONA SAÚDE CLINICAS LTDA,1998-12-21,Medicina de Grupo,SP
36540979000138,UNIMED COSTA VERDE RJ,1998-12-21,Cooperativa Médica,RJ
21205801000163,"CAIXA DE ASSISTÊNCIA À SAÚDE DOS TRABALHADORES NAS INDÚSTRIAS METALÚRGICAS, MECÂNICAS E DO MATERIAL ELÉTRICO DE BRUSQUE",2015-07-29,Autogestão,SC
11336728000105,ASSOCIAÇÃO SAÚDE RURAL ALEGRETE,2011-09-13,Medicina de Grupo,RS
01356020000162,UNIMED MEIO OESTE CATARINENSE COOPERATIVA DE TRABALHO MÉDICO,1998-12-17,Cooperativa Médica,SC
28974020000182,UNIMED NOROESTE FLUMINENSE - COOPERATIVA DE TRABALHO MÉDICO LTDA,1998-12-28,Cooperativa Médica,RJ
20168589000149,PRONTOMED PLANOS DE SAÚDE LTDA,1998-12-23,Medicina de Grupo,MG
19878404000100,FUNDAÇÃO SÃO FRANCISCO XAVIER,1998-12-16,Filantropia,MG
65276354000109,UNIMED ITABIRA COOPERATIVA DE TRABALHO MÉDICO,1998-12-17,Cooperativa Médica,MG
04859814000137,SAÚDE BRB - CAIXA DE ASSISTÊNCIA,2002-05-07,Autogestão,DF
88938089000182,UNIODONTO PORTO ALEGRE COOPERATIVA ODONTOLOGICA LTDA,1998-12-17,Cooperativa odontológica,RS
40223893000159,ODONTO EMPRESAS CONVENIOS DENTARIOS LTDA.,1998-12-16,Odontologia de Grupo,SP
14408631000159,FUNDAÇÃO PLAMHUV - PLANO MÉDICO HOSPITALAR DOS HOSPITAIS UNIDOS DE VIÇOSA,2012-05-03,Medicina de Grupo,MG
59762062000183,ASSOCIAÇÃO POLICIAL DE ASSISTÊNCIA À SAÚDE DE ARAÇATUBA (APAS),2001-08-28,Autogestão,SP
57149775000140,UNIMED SUL PAULISTA - COOPERATIVA DE TRABALHO MÉDICO,1998-12-18,Cooperativa Médica,SP
65732836000126,UNIMED DE BIRIGUI - COOPERATIVA DE TRABALHO MÉDICO,1998-12-18,Cooperativa Médica,SP
44945962000199,SANTA CASA DE MISERICÓRDIA E ASILO DOS POBRES DE BATATAIS,1998-12-28,Filantropia,SP
42163881000101,UNIMED-RIO COOPERATIVA DE TRABALHO MEDICO DO RIO DE JANEIRO,1998-12-16,Cooperativa Médica,RJ
36263502000152,CARING SAÚDE ASSISTÊNCIA MÉDICA LTDA.,2020-06-16,Medicina de Grupo,RJ
19304091000187,SORRIDEN CONVÊNIOS ODONTOLÓGICOS S.A.,2014-09-22,Odontologia de Grupo,SP
42182170000184,CAIXA DE ASSISTÊNCIA À SAÚDE - CABERJ,1998-12-21,Medicina de Grupo,RJ
05868278000107,UNIMED DE FORTALEZA SOCIEDADE COOPERATIVA MÉDICA LTDA.,1998-12-21,Cooperativa Médica,CE
46614535000153,AME VVIDA PLANOS DE SAUDE INTEGRADO LTDA.,2022-10-03,Medicina de Grupo,RO
08097092000181,CAIXA DE ASSISTÊNCIA DOS EMPREGADOS DA EMPRESA BRASILEIRA DE PESQUISA  AGROPECUÁRIA,2007-10-30,Autogestão,DF
00946953000147,UNIMED TRÊS RIOS COOPERATIVA DE TRABALHO MÉDICO,1998-12-21,Cooperativa Médica,RJ
12049486000131,ASSOCIAÇÃO PARANAENSE DE ASSISTÊNCIA À SAUDE DOS MEMBROS DO MINISTERIO PUBLICO DO PARANÁ,2012-10-08,Autogestão,PR
13360276000122,UNIMED SERGIPE - COOPERATIVA DE TRABALHO MÉDICO,1998-12-23,Cooperativa Médica,SE
82602327000106,UNIMED DE JOINVILLE COOPERATIVA DE TRABALHO MÉDICO,1998-12-17,Cooperativa Médica,SC
81076069000109,UNIMED DE PARANAVAÍ COOPERATIVA DE TRABALHO MÉDICO,1998-12-17,Cooperativa Médica,PR
00299149000113,ASSOCIAÇÃO DOS FUNCIONÁRIOS DO FISCO DO ESTADO DE GOIÁS,1998-12-23,Autogestão,GO
15022430000181,ASSOCIAÇÃO DE SAÚDE DOS FORNECEDORES DE CANA DE PIRACICABA E REGIÃO,2013-01-11,Medicina de Grupo,SP
04257073000114,AMEP FREGUESIA OPERADORA DE PLANO DE SAUDE LTDA,2001-03-16,Medicina de Grupo,RJ
37382009000114,CAIXA DE ASSISTÊNCIA DOS EMPREGADOS DA SANEAGO,1998-12-22,Autogestão,GO
03044492000105,HOSPITAL S.P. LTDA.,1998-12-22,Medicina de Grupo,RS
39210844000100,UNIMED CENTRO SUL FLUMINENSE COOPERATIVA DE TRABALHO MÉDICO,1998-12-21,Cooperativa Médica,RJ
49754083000101,EVO SAUDE ASSISTENCIA MEDICA LTDA,2023-09-12,Medicina de Grupo,DF
02864364000145,PLANO DE SAÚDE ANA COSTA LTDA.,1998-12-16,Medicina de Grupo,SP
60975174000100,ASSOCIAÇÃO DE BENEFICÊNCIA E FILANTROPIA SÃO CRISTOVÃO,1998-12-21,Filantropia,SP
15131148000132,AMHA SAUDE S/A,2012-10-08,Medicina de Grupo,SP
49955478000164,AURORA SAÚDE LTDA,2023-07-03,Medicina de Grupo,MG
45272366000158,UNIMED DE ARARAQUARA - COOP. DE TRAB. MÉDICO,1998-12-28,Cooperativa Médica,SP
00103956000119,UNIMED LITORAL SUL/RS - COOPERATIVA DE ASSISTÊNCIA À SAÚDE LTDA.,1998-12-18,Cooperativa Médica,RS
38272479000198,PB ASSISTENCIA MEDICA EU LTDA,2021-01-13,Medicina de Grupo,BA
44477823000188,INTEGRA ASSISTENCIA MEDICA SA,2022-02-25,Medicina de Grupo,SP
03990914000135,ORALE ASSISTÊNCIA ODONTOLÓGICA LTDA,2001-01-16,Odontologia de Grupo,BA
66493339000185,ASSOCIAÇÃO POLICIAL DE ASSISTENCIA A SAUDE DE BOTUCATU,1999-09-14,Autogestão,SP
50876139000171,NOVA SAÚDE OPERADORA INTEGRADA DE SAÚDE LTDA,2023-07-10,Medicina de Grupo,RJ
31432792000105,UNIMED DO EST. DO RJ FEDERAÇÃO EST. DAS COOPERATIVAS MÉDICAS,1999-01-07,Cooperativa Médica,RJ
02668512000156,H.B. SAÚDE S/A.,1998-12-16,Medicina de Grupo,SP
44857357000166,METRUS INSTITUTO DE SEGURIDADE SOCIAL,1998-12-24,Autogestão,SP
09433795000104,QUALLITY PRÓ SAÚDE PLANO DE ASSISTÊNCIA MÉDICA LTDA.,2011-08-15,Medicina de Grupo,DF
62511019000150,ALVORECER - ASSOCIAÇÃO DE SOCORROS MÚTUOS,1999-01-15,Medicina de Grupo,SP
05029064000139,SAÚDE SANTA TEREZA LTDA.,2004-08-17,Medicina de Grupo,SP
10456692000130,QUALIDONTO - QUALIDADE EM ODONTOLOGIA LTDA,2009-11-25,Odontologia de Grupo,BA
03977587000181,SBC SAÚDE LTDA.,2000-08-29,Medicina de Grupo,SP
42160192000143,FUNDAÇÃO CHESF DE ASSISTÊNCIA E SEGURIDADE SOCIAL,1998-12-24,Autogestão,PE
00697509000135,UNIMED CENTRO RONDÔNIA COOPERATIVA DE TRABALHO MÉDICO,1998-12-23,Cooperativa Médica,RO
72350382000194,COOPERATIVA DOS USUÁRIOS DE SERVIÇOS DE SAÚDE DO VALE DO RIO DOS SINOS LTDA,1999-05-19,Autogestão,RS
00660903000107,FUNDAÇÃO AFFEMG DE ASSISTÊNCIA E SAÚDE - FUNDAFFEMG,1998-12-21,Autogestão,MG
81064511000179,UNIMED APUCARANA COOPERATIVA DE TRABALHO MÉDICO,1998-12-17,Cooperativa Médica,PR
27578434000120,UNIMED VITORIA COOPERATIVA DE TRABALHO MEDICO,1998-12-16,Cooperativa Médica,ES
15308521000188,UNIODONTO BELÉM - COOPERATIVA DE ASSISTÊNCIA À SAÚDE ODONTOLÓGICA,1998-12-29,Cooperativa odontológica,PA
19031941000110,SMART CARE SISTEMAS MÉDICOS E ODONTOLÓGICOS LTDA.,2016-02-03,Odontologia de Grupo,SP
02569472000195,CENTRO DE ENDOCRINOLOGIA DE JUNDIAÍ S/S LTDA,2007-01-31,Medicina de Grupo,SP
04839091000104,FUNDO DE ASSISTÊNCIA À SAÚDE DOS FUNCIONÁRIOS DO BEC,2003-10-17,Autogestão,CE
76767219000182,UNIMED REGIONAL MARINGÁ COOP.DE TRABALHO MÉDICO,1998-12-17,Cooperativa Médica,PR
20119509000165,FUNDAÇÃO LIBERTAS DE SEGURIDADE SOCIAL,1998-12-28,Autogestão,MG
07241136000132,UNIMED TERESINA - COOPERATIVA DE TRABALHO MÉDICO,1998-12-21,Cooperativa Médica,PI
50480953000172,UNIMED DE LIMEIRA COOPERATIVA DE TRABALHO MÉDICO,1998-12-18,Cooperativa Médica,SP
92219070000153,SOCIEDADE PORTUGUESA DE BENEFICÊNCIA,2001-03-21,Filantropia,RS
01659087000176,UNIMED VILHENA - COOPERATIVA DE TRABALHO MEDICO LTDA,1998-12-23,Cooperativa Médica,RO
88645403000139,CIRCULO OPERARIO CAXIENSE,1998-12-24,Medicina de Grupo,RS
25205234000104,R.M.I. OPERADORA DE SAÚDE INTEGRADA LTDA,2016-11-08,Medicina de Grupo,SP
02849393000138,BENSAUDE PLANO DE ASSISTENCIA MEDICA HOSPITALAR LTDA.,1998-12-18,Medicina de Grupo,SP
37880952000157,VIVACOM PLANOS DE SAÚDE,1998-12-29,Autogestão,GO
56384183000140,IRMANDADE DA SANTA CASA DE MISERICÓRDIA DE RIO CLARO,1998-12-29,Filantropia,SP
28310835000167,MEDHEALTH PLANOS DE SAÚDE LTDA,2018-11-01,Medicina de Grupo,PR
19969500000164,DESBAN - FUNDAÇÃO BDMG DE SEGURIDADE SOCIAL,1998-12-18,Autogestão,MG
35617257000171,CAIXA DE ASSISTÊNCIA DOS MAGISTRADOS DE PERNAMBUCO,1998-12-17,Autogestão,PE
43079723000130,TOTAL ASSISTÊNCIA MÉDICA HOSPITALAR LTDA,2023-03-13,Medicina de Grupo,MG
67577171000159,UNIMED DE MONTE ALTO - COOPERATIVA DE TRABALHO MÉDICO,1998-12-18,Cooperativa Médica,SP
41929347000109,PRESERVE SAUDE ASSISTENCIA MEDICA LTDA,2021-08-24,Medicina de Grupo,BA
11565995000154,PORTOMED - PORTO SEGURO SERVIÇOS DE SAUDE LTDA,2010-08-13,Medicina de Grupo,SP
97403778000183,SOCIODONTO PLANO DE ASSISTÊNCIA ODONTOLÓGICA LTDA,2007-10-30,Odontologia de Grupo,MG
02580965000126,UNIODONTO ESPIRITO SANTO COOPERATIVA ODONTOLOGICA,1998-12-17,Cooperativa odontológica,ES
13170410000122,ASSOCIAÇÃO DOS EMPREGADOS DA COMPANHIA ESTADUAL DE HABITAÇÃO E OBRAS PÚBLICAS - ASSEC,1998-12-30,Autogestão,SE
04574626000162,CAIXA DE ASSISTÊNCIA À SAÚDE DOS SERVIDORES PÚBLICOS DO ESTADO DO MATO GROSSO DO SUL,2018-07-17,Autogestão,MS
08708980000193,OESTE SAÚDE ASSISTÊNCIA A SAÚDE SUPLEMENTAR S.A,2008-10-03,Medicina de Grupo,SP
00361325000108,HUMANA SAÚDE NORDESTE LTDA.,1998-12-29,Medicina de Grupo,PI
17845504000105,UNIMED VARGINHA COOPERATIVA DE TRABALHO MÉDICO,1998-12-18,Cooperativa Médica,MG
02476067000122,UNIMED GOIANIA COOPERATIVA DE TRABALHO MÉDICO,1998-12-28,Cooperativa Médica,GO
07844436000106,CABERJ INTEGRAL SAÚDE S.A,2006-09-26,Medicina de Grupo,RJ
49481538000154,SAUDIA ASSISTENCIA MÉDICA LTDA,2023-10-30,Medicina de Grupo,MG
81710865000143,UNIMED NOROESTE DO PARANÁ COOP DE TRABALHO MÉDICO .,1998-12-17,Cooperativa Médica,PR
63367700000139,CAIXA DE ASSISTÊNCIA DOS SERVIDORES FAZENDÁRIOS ESTADUAIS,1998-12-22,Autogestão,CE
37035441000139,SELECT OPERADORA DE PLANO DE SAUDE LTDA,1998-12-30,Medicina de Grupo,GO
17774738000109,UNIMED UBERABA COOPERATIVA DE TRABALHO MEDICO LTDA.,1998-12-17,Cooperativa Médica,MG
01012474000116,UNIMED PONTE NOVA COOPERATIVA DE TRABALHO MEDICO LTDA,1998-12-16,Cooperativa Médica,MG
39427632000171,ASSOCIAÇÃO PETROBRAS DE SAÚDE - APS,2021-01-28,Autogestão,RJ
00012698000165,UNIMED DE PENAPOLIS - COOPERATIVA DE TRABALHO MEDICO,1998-12-18,Cooperativa Médica,SP
37275625000176,UNIMED RIO VERDE COOPERATIVA TRABALHO MEDICO,1998-12-24,Cooperativa Médica,GO
72127210000156,IRMANDADE DA SANTA CASA DE MISERICÓRDIA E MATERNIDADE DONA ZILDA SALVAGNI,1998-12-23,Filantropia,SP
57214900000159,UNIMED ALTA MOGIANA COOPERATIVA DE TRABALHO MÉDICO,1998-12-18,Cooperativa Médica,SP
62465117000106,FUNDAÇÃO CESP,1998-12-29,Autogestão,SP
22263081000155,HOSPITAL CESAR LEITE,1998-12-22,Filantropia,MG
40038813000195,SALUSMED OPERADORA DE PLANOS DE SAUDE LTDA,2021-05-11,Medicina de Grupo,SP
82353079000107,PARANA ASSISTENCIA MEDICA LTDA,1998-12-22,Medicina de Grupo,PR
27067508000163,ASSOCIAÇÃO SÃO LUIZ SAÚDE,2017-09-29,Medicina de Grupo,SP
00668790000188,CAIXA DE ASSISTÊNCIA SISTEMA SAÚDE INTEGRAL-SSI SAUDE,1998-12-22,Autogestão,RS
11076382000153,UNIX SAÚDE S.A,2011-07-13,Medicina de Grupo,BA
17790718000121,UNIMED UBERLÂNDIA COOPERATIVA REGIONAL TRABALHO MÉDICO LTDA,1998-12-16,Cooperativa Médica,MG
45399961000159,UNIMED SOROCABA COOPERATIVA DE TRABALHO MÉDICO,1998-12-18,Cooperativa Médica,SP
34266553000102,ALICE OPERADORA LTDA.,2019-11-01,Medicina de Grupo,SP
05983170000157,PLANO ODONTOLÓGICO DENTALVIDAS LTDA.,2007-03-08,Odontologia de Grupo,SP
04201372000137,UNIMED BELÉM COOPERATIVA DE TRABALHO MÉDICO,1998-12-18,Cooperativa Médica,PA
00885918000165,HOSPITAIS E CLÍNICAS DO PIAUÍ S/S LTDA,2007-09-26,Medicina de Grupo,PI
48721401000167,UNIMED DE CAÇAPAVA - COOPERATIVA DE TRABALHO MEDICO,1998-12-18,Cooperativa Médica,SP
45981176000100,ANAFE SAUDE,2022-08-26,Autogestão,GO
29780384000194,HSMED SAUDE LTDA,1999-01-06,Medicina de Grupo,RJ
41715325000138,ARL ADMINISTRADORA DE BENEFÍCIOS LTDA.,2021-08-11,Administradora de Benefícios,SP
02315431000172,CAIXA DE ASSISTÊNCIA DOS EMPREGADOS DO BANCO DO ESTADO DO RIO GRANDE DO SUL,1998-12-18,Autogestão,RS
32421708000102,BEST SENIOR OPERADORA DE SAÚDE LTDA,2019-09-02,Medicina de Grupo,ES
10414182000109,UNIMED SAÚDE E ODONTO S.A,2008-12-30,Medicina de Grupo,SP
35830868000101,UNIMED DE MACAÉ COOPERATIVA DE ASSISTÊNCIA À SAÚDE,1998-12-21,Cooperativa Médica,RJ
92911056000116,ASSOCIAÇÃO DOS FISCAIS DE TRIBUTOS ESTADUAIS DO RS - AFISVEC,1998-12-28,Autogestão,RS
41871989000196,UNIMED ITUIUTABA COOPERATIVA TRABALHO MÉDICO LTDA.,1998-12-17,Cooperativa Médica,MG
02725347000127,CARE PLUS MEDICINA ASSISTENCIAL LTDA.,1999-01-07,Medicina de Grupo,SP
05657234000120,UNIMED PORTO VELHO - SOCIEDADE COOPERATIVA MÉDICA LTDA,1998-12-23,Cooperativa Médica,RO
87300448000109,UNIMED - COOPERATIVA DE SERVIÇOS DE SAÚDE DOS VALES DO TAQUARI E RIO PARDO LTDA.,1998-12-21,Cooperativa Médica,RS
41248894000110,VIDA TOP MAIS SAÚDE OPERADORA DE PLANOS DE SAÚDE LTDA.,2021-07-09,Medicina de Grupo,SP
02753398000162,SF SISTEMAS DE SAÚDE LTDA,2020-09-03,Medicina de Grupo,SP
78304672000188,CAIXA BENEFICENTE DOS FUNCIONÁRIOS DO GRUPO IGUAÇU,2001-07-13,Autogestão,PR
69087922000184,UNIMED NORTE PAULISTA - COOPERATIVA DE TRABALHO MÉDICO,1998-12-21,Cooperativa Médica,SP
20320487000105,AGROS - INSTITUTO UFV DE SEGURIDADE SOCIAL,1998-12-18,Autogestão,MG
73565319000138,ASSOCIACAO CIVIL PRÓ-SAÚDE DOS SERVIDORES DA UNIVERSIDADE ESTADUAL DE PONTA GROSSA,1999-11-05,Medicina de Grupo,PR
05814777000103,CAIXA DE ASSISTÊNCIA DOS FUNCIONÁRIOS DO BANCO DO NORDESTE DO BRASIL,1998-12-16,Autogestão,CE
31925548000176,GRUPO HOSPITALAR DO RIO DE JANEIRO LTDA,1998-12-18,Medicina de Grupo,RJ
00006037000127,UNIMED DE TATUI - COOPERATIVA DE TRABALHO MÉDICO,1998-12-18,Cooperativa Médica,SP
00304148000110,FUNDAÇÃO DE SAÚDE ITAIGUAPY,1998-12-23,Medicina de Grupo,PR
78931391000155,UNIMED COSTA OESTE - COOPERATIVA DE TRABALHO MÉDICO,1998-12-17,Cooperativa Médica,PR
66872888000160,UNIMED DE MARILIA COOPERATIVA DE TRABALHO MÉDICO,1998-12-18,Cooperativa Médica,SP
87638334000173,UNIMED ERECHIM - COOPERATIVA DE SERVIÇOS DE SAÚDE LTDA.,1998-12-18,Cooperativa Médica,RS
00342481000113,UNIMED CALDAS NOVAS - COOPERATIVA DE TRABALHO MEDICO,1998-12-29,Cooperativa Médica,GO
11973134000105,SUL AMÉRICA ODONTOLÓGICO S/A,2011-01-24,Odontologia de Grupo,SP
16415598000110,UNIMED DO SUDOESTE COOPERATIVA DE TRABALHO MEDICO LTDA,1998-12-21,Cooperativa Médica,BA
85377174000120,UNIMED LITORAL COOPERATIVA DE TRABALHO MÉDICO LTDA,1998-12-16,Cooperativa Médica,SC
40246859000108,ODILE SERVIÇOS DE SAÚDE LTDA.,2021-05-19,Medicina de Grupo,SP
00461479000163,PREVENT SENIOR PRIVATE OPERADORA DE SAÚDE LTDA,1998-12-22,Medicina de Grupo,SP
00730439000170,UNIMED PONTAL DO TRIÂNGULO - COOPERATIVA DE TRABALHO MÉDICO,1998-12-17,Cooperativa Médica,MG
70094578000130,COMSEDER - COOPERATIVA DE ASSISTÊNCIA MÉDICA DOS SERVIDORES DA SUPLAN E DO DER LTDA,1998-12-29,Autogestão,PB
72783970000111,UNIMED DE JABOTICABAL COOP. DE TRABALHO MÉDICO,1998-12-18,Cooperativa Médica,SP
92741016000173,ASSOCIAÇAO DOS FUNCIONARIOS PUBLICOS DO ESTADO DO RIO GRANDE DO SUL,2010-09-28,Filantropia,RS
02220135000198,ASSOCIAÇÃO GOIANA DO MINISTÉRIO PÚBLICO,1999-03-17,Autogestão,GO
84313741000112,UNIMED RIO BRANCO COOPERATIVA DE TRABALHO MEDICO LTDA,1998-12-21,Cooperativa Médica,AC
46426569000114,UNITY SERVIÇOS INTEGRADOS DE SAÚDE LTDA.,2022-10-03,Medicina de Grupo,DF
08787782000162,PRIMA VIDA ODONTOLOGIA DE GRUPO LIMITADA,2008-01-30,Odontologia de Grupo,RJ
01371135000126,UNIMED VALE DO URUCUIA - COOPERATIVA DE TRABALHO MEDICO LTDA,1998-12-17,Cooperativa Médica,MG
02687852000124,UNIMED DE ANDRADINA - COOPERATIVA DE TRABALHO MÉDICO,1998-12-22,Cooperativa Médica,SP
75054940000162,FUNDAÇÃO COPEL DE PREVIDÊNCIA E ASSISTÊNCIA SOCIAL,1998-12-29,Autogestão,PR
29135795000127,UNIMED NOVA FRIBURGO-SOC.COOP.SERV.MED.HOSP.LTDA.,1998-12-21,Cooperativa Médica,RJ
08883265000197,ASSOCIAÇÃO FUNDO DE PROTEÇÃO À SAÚDE,2008-03-07,Autogestão,PR
00366982000130,CENTRAL REGIONAL DAS COOPERATIVAS MÉDICAS - UNIMED CERRADO,1998-12-24,Cooperativa Médica,GO
00950062000164,CENTRO HOSPITALAR ATIBAIA LTDA.,1998-12-24,Medicina de Grupo,SP
23557177000199,ASSOCIAÇÃO UNIVIDA SANTA RITA DO PASSA QUATRO,2016-05-16,Medicina de Grupo,SP
04222235000189,SEMPRE ODONTO PLANOS ODONTOLOGICOS LTDA,2003-10-10,Odontologia de Grupo,RJ
03702977000149,CAIXA DE ASSISTÊNCIA À SAUDE DOS EMPREGADOS DA CODEVASF - CASEC,2000-09-18,Autogestão,DF
08315806000180,UNIMED PATOS - COOPERATIVA DE TRABALHO MÉDICO,1998-12-21,Cooperativa Médica,PB
78613841000161,ASSOCIAÇÃO EVANGELICA BENEFICENTE DE LONDRINA,1998-12-22,Filantropia,PR
59901454000186,SANTA CASA DE MISERICORDIA HOSPITAL SÃO VICENTE,1998-12-31,Filantropia,SP
64327059000171,UNIMED CATAGUASES COOPERATIVA DE TRABALHO MÉDICO LTDA,1998-12-17,Cooperativa Médica,MG
56762172000157,UNIMED DE TUPA COOPERATIVA DE TRABALHO MÉDICO,1998-12-21,Cooperativa Médica,SP
01559455000104,UNIMED NORDESTE PAULISTA - FED. INTRAFEDERATIVA DAS COOP. MÉDICAS,1998-12-22,Cooperativa Médica,SP
16926969000128,AMAZÔNIA PLANOS DE SAÚDE LTDA,2013-10-03,Medicina de Grupo,PA
51304798000104,UNIODONTO DE CAMPINAS COOPERATIVA ODONTOLÓGICA,1998-12-16,Cooperativa odontológica,SP
14946109000120,ASSOCIAÇÃO SÃO FRANCISCO VIDA,2013-10-15,Medicina de Grupo,SP
85177194000158,COOPERATIVA DE TRABALHO MÉDICO DO PLANALTO NORTE DE SANTA CATARINA LTDA,1998-12-17,Cooperativa Médica,SC
03670297000190,MH VIDA - OPERADORA DE PLANOS DE SAÚDE LTDA,2000-08-25,Medicina de Grupo,RJ
80525652000189,UNIMED VALE DO PIQUIRI-COOPERATIVA DE TRABALHO MÉDICO VALE DO PIQUIRI,1998-12-17,Cooperativa Médica,PR
22027346000116,PLANO DE ASSISTÊNCIA MÉDICA MINEIRA LTDA,1999-01-04,Medicina de Grupo,MG
02903477000102,ASSOCIAÇÃO SAÚDE CONCEIÇÃO,1998-12-24,Medicina de Grupo,SC
65442162000125,UNIODONTO DE ARARAQUARA COOPERATIVA ODONTOLÓGICA,1998-12-16,Cooperativa odontológica,SP
04745753000187,UNIÃO MÉDICA PLANOS DE SAÚDE S/A,2003-04-08,Medicina de Grupo,BA
28502128000172,CAIXA DE ASSISTÊNCIA DOS EMPREGADOS DO SISTEMA FINANCEIRO BANESTES,1998-12-22,Autogestão,ES
31240963000196,ASSOCIAÇÃO BENEFICENTE DOS PROFESSORES PÚBLICOS ATIVOS E INATIVOS DO RIO DE JANEIRO - APPAI,1999-01-19,Medicina de Grupo,RJ
92693118000160,BRADESCO SAÚDE S.A.,1998-12-16,Seguradora Especializada em Saúde,RJ
62550256000120,NOTRE DAME INTERMÉDICA MINAS GERAIS SAÚDE S.A.,1999-01-06,Medicina de Grupo,CE
71925531000133,UNIMED DE BARRETOS COOPERATIVA DE TRABALHO MÉDICO,1998-12-18,Cooperativa Médica,SP
30417661000188,UNIMED NORTE FLUMINENSE COOPERATIVA DE TRABALHO MEDICO,1998-12-21,Cooperativa Médica,RJ
96396395000162,UNIODONTO PAULISTA-FEDERAÇÃO DAS COOPERATIVAS ODONTOLÓGICAS DO ESTADO DE SÃO PAULO,1998-12-18,Cooperativa odontológica,SP
54012406000113,UNIMED ANHANGUERA COOPERATIVA DE TRABALHO MÉDICO,1998-12-17,Cooperativa Médica,SP
03533726000188,UNIMED CUIABA COOPERATIVA DE TRABALHO MÉDICO,1998-12-24,Cooperativa Médica,MT
78738101000151,DENTAL UNI - COOPERATIVA ODONTOLÓGICA,1998-12-22,Cooperativa odontológica,PR
00747041000146,UNIMED VALE DO CORUMBÁ COOPERATIVA DE TRABALHO MEDICO,1998-12-24,Cooperativa Médica,GO
06091170000105,UNIMED OS BANDEIRANTES COOPERATIVA DE TRABALHO MÉDICO,2004-11-30,Cooperativa Médica,SP
40294225000112,UNIMED DE CAMPOS COOPERATIVA DE TRABALHO MÉDICO,1998-12-21,Cooperativa Médica,RJ
34011288000111,ASSOCIAÇÃO DOS AUDITORES FISCAIS DA RECEITA ESTADUAL DO RIO DE JANEIRO,1998-12-16,Autogestão,RJ
33719485000127,CAIXA DE ASSISTÊNCIA DOS FUNCIONÁRIOS DO BANCO DO BRASIL,1998-12-29,Autogestão,DF
25906728000108,COOPERATIVA DE TRABALHO ODONTOLOGICO - UNIODONTO ITAJUBÁ,2013-09-11,Cooperativa odontológica,MG
17689407000170,UNIMED JUIZ DE FORA COOPERATIVA DE TRABALHO MÉDICO LTDA,1998-12-16,Cooperativa Médica,MG
07583396000196,UNIMED DO CARIRI - SOCIEDADE COOPERATIVA MÉDICA LTDA,1998-12-23,Cooperativa Médica,CE
66916305000156,UNIMED SUDOESTE PAULISTA COOPERATIVA DE TRABALHO MÉDICO,1998-12-18,Cooperativa Médica,SP
07649106000160,UNIMED DE SOBRAL SOCIEDADE COOPERATIVA MÉDICA LTDA,1998-12-30,Cooperativa Médica,CE
00841848000143,ASSOCIAÇÃO POLICIAL DE ASSISTÊNCIA À SAÚDE APAS,2022-07-14,Autogestão,SP
24729097000136,SANTA CASA DA MISERICÓRDIA DE SÃO JOÃO DEL REI,1999-09-23,Filantropia,MG
77781706000162,UNIMED PONTA GROSSA COOPERATIVA DE TRABALHO MEDICO,1998-12-17,Cooperativa Médica,PR
54991211000162,UNIMED DE ASSIS COOPERATIVA DE TRABALHO MÉDICO,1998-12-18,Cooperativa Médica,SP
03230123000107,UNIMED CENTRO PAULISTA - FEDERAÇÃO INTRAFEDERATIVA DAS COOPERATIVAS MÉDICAS,2003-04-08,Cooperativa Médica,SP
00111826000128,UNIMED ARARUAMA COOPERATIVA DE TRABALHO MÉDICO LTDA,1998-12-21,Cooperativa Médica,RJ
42892281000184,UNIMED GOVERNADOR VALADARES COOP. DE TRABALHO MÉDICO LTDA.,1998-12-17,Cooperativa Médica,MG
21490586000190,COOPERATIVA DE TRABALHO MÉDICO DE POUSO ALEGRE,1998-12-18,Cooperativa Médica,MG
51473692000126,IRMANDADE DA SANTA CASA DE MISERICORDIA DE LIMEIRA,1998-12-23,Filantropia,SP
15594468000129,PLAMED PLANO DE ASSISTENCIA MEDICA LTDA,1998-12-30,Medicina de Grupo,SE
26629238000174,UNIMED ANÁPOLIS COOPERATIVA DE TRABALHO MÉDICO.,1998-12-24,Cooperativa Médica,GO
08680639000177,UNIMED JOAO PESSOA - COOPERATIVA DE TRABALHO MÉDICO,1998-12-21,Cooperativa Médica,PB
52204526000197,UNIODONTO PIRACICABA - COOPERATIVA ODONTOLÓGICA,1998-12-16,Cooperativa odontológica,SP
41369935000127,SAME-SERVIÇO DE ASSISTÊNCIA MÉDICA EMPRESARIAL LTDA.,2007-01-29,Medicina de Grupo,MA
02064028000118,UNIODONTO DE PINDAMONHANGABA COOP ODONTOLOGICA,1998-12-17,Cooperativa odontológica,SP
00453863000114,MED-TOUR ADMINISTRADORA DE BENEFÍCIOS E EMPREENDIMENTOS LTDA.,1998-12-29,Medicina de Grupo,SP
11593821000103,ELOSAÚDE - ASSOCIAÇÃO DE ASSISTÊNCIA À SAÚDE,2010-06-09,Autogestão,SC
16991945000152,UNIMED VALE DO AÇO COOPERATIVA DE TRABALHO MÉDICO,1998-12-16,Cooperativa Médica,MG
04430627000133,PLANO VIDA SAUDE SERVIÇOS ODONTOLOGICOS LTDA,2007-04-13,Odontologia de Grupo,SE
25141173000150,ASSOCIAÇÃO PADRE PIO PLANOS DE SAÚDE,2017-06-09,Medicina de Grupo,SP
25471574000179,UNIMED SÃO LOURENÇO COOPERATIVA DE TRABALHO MÉDICO,1998-12-18,Cooperativa Médica,MG
31787625000179,FUNDAÇÃO DE SEGURIDADE SOCIAL DA ARCELORMITTAL BRASIL - FUNSSEST,1998-12-29,Autogestão,ES
82624776000147,UNIMED BLUMENAU - COOPERATIVA DE TRABALHO MEDICO,1998-12-16,Cooperativa Médica,SC
42889436000123,UNIMED ALTO SÃO FRANCISCO COOPERATIVA DE TRABALHO MÉDICO,1998-12-17,Cooperativa Médica,MG
24243925000121,UNIODONTO MACEIÓ COOPERATIVA ODONTOLÓGICA,1998-12-22,Cooperativa odontológica,AL
15713057000105,ASSOCIAÇÃO DO PLANO DE SAÚDE DA SANTA CASA DE MISERICÓRDIA DE ITABUNA - PLANSUL,2015-12-15,Medicina de Grupo,BA
89870547000151,UNIMED PELOTAS/RS - COOPERATIVA DE ASSISTÊNCIA À SAÚDE LTDA.,1998-12-21,Cooperativa Médica,RS
00580481000151,FUNDACAO CAPITAL PREVIDENCIA E SAUDE - CAPITAL PREV,1998-12-28,Autogestão,ES
03123146000112,BIO SAÚDE SERVIÇOS MÉDICOS LTDA,1999-03-31,Medicina de Grupo,SP
27113113000150,S1 OPERADORA DE PLANO DE SAÚDE LTDA,2017-11-27,Medicina de Grupo,DF
29640612000120,CONFERÊNCIA SÃO JOSÉ DO AVAÍ,1998-12-16,Filantropia,RJ
52657079000121,UNIMED DE BATATAIS - COOPERATIVA DE TRABALHO MÉDICO,1998-12-18,Cooperativa Médica,SP
37496767000163,UNIODONTO DE MATO GROSSO COOP TRAB ODONTOLOGICO LTDA,1998-12-28,Cooperativa odontológica,MT
34063123000193,UNIMED DO OESTE DA BAHIA COOPERATIVA DE TRABALHO MÉDICO,1998-12-29,Cooperativa Médica,BA
30460075000116,MÚTUA DOS MAGISTRADOS DO ESTADO DO RIO DE JANEIRO,2012-10-16,Autogestão,RJ
42940528000190,UNIMED PARÁ DE MINAS COOPERATIVA DE TRABALHO MÉDICO LTDA.,1998-12-17,Cooperativa Médica,MG
45232246000127,UNIMED DE RIBEIRAO PRETO - COOPERATIVA DE TRABALHO MÉDICO,1998-12-29,Cooperativa Médica,SP
26185199000163,UNIODONTO REGIONAL COOPERATIVA ODONTOLOGICA,1998-12-17,Cooperativa odontológica,MG
04165719000133,GS PLANO GLOBAL DE SAÚDE LTDA,2001-02-16,Medicina de Grupo,RJ
10935483000170,ASSOCIAÇÃO DA SANTA CASA SAÚDE DE RIBEIRÃO PRETO,2011-03-31,Medicina de Grupo,SP
07270625000112,FEDERAÇÃO DAS COOP ODONTOLÓGICAS DO ESTADO DE SANTA CATARINA,2006-05-11,Cooperativa odontológica,SC
81170003000175,UNIMED DE CASCAVEL COOPERATIVA DE TRABALHO MÉDICO,1998-12-17,Cooperativa Médica,PR
90619818000180,HOSPITAL DE PRONTOCLINICA LTDA.,1998-12-22,Medicina de Grupo,RS
43643139000166,UNIMED DO ESTADO DE SÃO PAULO - FEDERAÇÃO ESTADUAL DAS COOP. MÉDICAS,1998-12-18,Cooperativa Médica,SP
62638374000194,CENTRO TRASMONTANO DE SAO PAULO,1998-12-22,Medicina de Grupo,SP
38499547000156,UNIMED PATOS DE MINAS COOPERATIVA TRABALHO MÉDICO LTDA.,1998-12-17,Cooperativa Médica,MG
31596055000130,BRASIL ODONTO OPERADORA DE PLANOS ODONTOLÓGICOS LTDA,2019-04-05,Odontologia de Grupo,TO
53678264000165,UNIMED LESTE PAULISTA COOPERATIVA DE TRABALHO MÉDICO,1998-12-18,Cooperativa Médica,SP
44663631000166,UNIMED DE RIO CLARO SP COOPERATIVA DE TRABALHO MEDICO,1998-12-18,Cooperativa Médica,SP
44649812000138,NOTRE DAME INTERMÉDICA SAÚDE S.A.,1998-12-16,Medicina de Grupo,SP
45359213000142,UNIMED SÃO CARLOS - COOPERATIVA DE TRABALHO MÉDICO,1998-12-22,Cooperativa Médica,SP
44673382000190,OMINT SERVIÇOS DE SAÚDE S.A.,1998-12-16,Medicina de Grupo,SP
87689527000153,UNIMED FRONTEIRA NOROESTE/RS - COOPERATIVA DE ASSISTÊNCIA À SAÚDE LTDA.,1998-12-22,Cooperativa Médica,RS
02127779000136,LEADER ASSISTÊNCIA MÉDICA E HOSPITALAR LTDA.,1999-02-04,Medicina de Grupo,SP
21575709000195,SANTA CASA DE MISERICÓRDIA DE JUIZ DE FORA,1998-12-22,Filantropia,MG
09306242000182,ASSOCIAÇÃO DOS AUDITORES FISCAIS DO ESTADO DA PARAÍBA - AFRAFEP,1998-12-22,Autogestão,PB
08225953000160,SANTA CASA DE MAUÁ SAÚDE,2018-03-18,Medicina de Grupo,SP
02812468000106,UNIMED NACIONAL - COOPERATIVA CENTRAL,1998-12-17,Cooperativa Médica,SP
51093193000103,UNIMED DE ARACATUBA - COOPERATIVA DE TRABALHO MÉDICO,1998-12-18,Cooperativa Médica,SP
66343559000122,UNIMED TEOFILO OTONI COOPERATIVA DE TRABALHO MÉDICO,1998-12-17,Cooperativa Médica,MG
23725062000166,UNIODONTO DE FORTALEZA COOPERATIVA DE TRABALHO ODONTOLOGICO LTDA,1998-12-29,Cooperativa odontológica,CE
14674151000130,BIORAL SISTEMA ODONTOLÓGICO LTDA.,2013-10-03,Odontologia de Grupo,SP
75222224000147,UNIMED DE LONDRINA COOPERATIVA DE TRABALHO MÉDICO,1998-12-17,Cooperativa Médica,PR
35908607000159,CAMIM OPERADORA DE PLANO DE SAÚDE LTDA,1999-01-06,Medicina de Grupo,RJ
02919940000104,NOVODENTE S/A,2011-01-24,Odontologia de Grupo,RS
19691730000104,MAIS SAUDE S/A,2014-09-22,Medicina de Grupo,ES
04299994000140,PLAMEDH - PLANO DE ASSISTÊNCIA MÉDICO-HOSPITALAR LTDA,2001-04-19,Medicina de Grupo,MG
44595858000111,UNIODONTO DO BRASIL CENTRAL NACIONAL DAS COOPERATIVAS ODONTÓLOGICAS,1998-12-17,Cooperativa odontológica,SP
59499251000105,UNIMED DE CAPIVARI -COOPERATIVA DE TRABALHO MÉDICO,1998-12-17,Cooperativa Médica,SP
24676884000167,UNIMED RONDONOPOLIS COOPERATIVA DE TRABALHO MÉDICO LTDA,1998-12-24,Cooperativa Médica,MT
04558034000157,LIFE EMPRESARIAL SAÚDE LTDA.,2003-01-15,Medicina de Grupo,SP
67417519000140,UNIMED DE LENÇOIS PAULISTA - COOPERATIVA DE TRABALHO MÉDICO,1998-12-18,Cooperativa Médica,SP
16921561000163,UNIMED MONTES CLAROS COOPERATIVA DE  TRABALHO MÉDICO LTDA.,1998-12-18,Cooperativa Médica,MG
71753297000104,ASSOCIAÇÃO POLICIAL DE ASSISTENCIA À SAUDE DE SAO JOAO DA BOA VISTA,1999-09-15,Autogestão,SP
28714533000154,UNIMED NOVA IGUACU COOPERATIVA DE TRABALHO MEDICO,1998-12-22,Cooperativa Médica,RJ
13086566000120,CAIXA DE ASSISTÊNCIA DOS EMPREGADOS DO BANESE,1998-12-22,Autogestão,SE
23053901000147,SANTA CASA DE SAÚDE - SCS,2016-03-30,Medicina de Grupo,ES
64924095000112,SERMED-SAÚDE LTDA.,1998-12-16,Medicina de Grupo,SP
16608812000154,SOCIEDADE BENEFICENTE DEZOITO DE JULHO,2001-05-21,Medicina de Grupo,MG
00891689000191,UNIODONTO GOIANIA COOPERATIVA DE CIRURGIÕES DENTISTAS,1998-12-17,Cooperativa odontológica,GO
35988963000120,UNIMED NORTE CAPIXABA- COOPERATIVA DE TRABALHO MÉDICO,1998-12-16,Cooperativa Médica,ES
27452545000195,2CARE OPERADORA DE SAÚDE LTDA.,2018-10-09,Medicina de Grupo,SP
79831608000118,SIM - CAIXA DE ASSISTÊNCIA À SAÚDE,1998-12-21,Autogestão,SC
02041808000142,ADVANCE PLANOS DE SAÚDE LTDA,1998-12-28,Medicina de Grupo,SP
66343534000129,UNIMED VIÇOSA - COOPERATIVA DE TRABALHO MÉDICO,1998-12-17,Cooperativa Médica,MG
71063853000110,UNIMED ITAÚNA COOPERATIVA DE TRABALHO MÉDICO LTDA.,1998-12-18,Cooperativa Médica,MG
59452478000103,SAUDE SALV ASSISTENCIA MEDICA LTDA,2025-04-29,Medicina de Grupo,RO
02862447000103,NOSSA SAÚDE - OPERADORA PLANOS PRIVADOS DE ASSISTÊNCIA  À SAÚDE LTDA.,1998-12-17,Medicina de Grupo,PR
14576780000127,MEDGOLD ASSISTENCIA MEDICA LTDA - ME,2015-05-07,Medicina de Grupo,MG
15214919000155,PROMÉDICA - PROTEÇÃO MEDICA A EMPRESAS S.A.,1998-12-17,Medicina de Grupo,BA
82239476000144,UNIODONTO DE LONDRINA COOP. ODONTOLÓGICA,1999-01-06,Cooperativa odontológica,PR
28630531000187,UNIMED-SÃO GONÇALO - NITERÓI - SOC.COOP.SERV.MED E HOSP LTDA,1998-12-28,Cooperativa Médica,RJ
81710543000102,UNIMED FRANCISCO BELTRAO COOPERATIVA DE TRABALHO MEDICO,1998-12-17,Cooperativa Médica,PR
49792664000120,SUL DO PARÁ LTDA,2023-10-02,Medicina de Grupo,PA
44456036000150,UNIMED DE BAURU COOPERATIVA DE TRABALHO MÉDICO,1998-12-18,Cooperativa Médica,SP
88258884000120,UNIMED VALE DO SINOS - COOPERATIVA DE ASSISTÊNCIA À SAÚDE LTDA,1998-12-21,Cooperativa Médica,RS
01387625000110,DOCTOR CLIN OPERADORA DE PLANOS DE SAÚDE LTDA.,1998-12-22,Medicina de Grupo,RS
60214517000105,UNIMED SAO JOSE DOS CAMPOS - COOPERATIVA DE TRABALHO MEDICO,1998-12-16,Cooperativa Médica,SP
60499365000134,FUNDACAO LEONOR DE BARROS CAMARGO,1999-12-20,Filantropia,SP
01193663000132,UNIMED DE CATALÃO COOPERATIVA DE TRABALHO MÉDICO,1998-12-24,Cooperativa Médica,GO
03637776000105,FILOSANITAS SAUDE LTDA,2000-03-03,Medicina de Grupo,SP
48717516000188,UNIMED DE LORENA COOPERATIVA DE TRABALHO MÉDICO,1998-12-16,Cooperativa Médica,SP
50432863000106,MATÃO CLINICAS & AMHMA SAÚDE LTDA,2007-12-17,Medicina de Grupo,SP
33546979000157,UNIMED REGIONAL SUL GOIAS COOP. DE TRABALHO MÉDICO LTDA,1998-12-24,Cooperativa Médica,GO
66191263000133,UNIMED JOÃO MONLEVADE COOPERATIVA DE TRABALHO MÉDICO LTDA.,1998-12-17,Cooperativa Médica,MG
34269803000168,REAL GRANDEZA - FUNDAÇÃO DE PREVIDÊNCIA E ASSISTÊNCIA SOCIAL,1999-01-05,Autogestão,RJ
04222989000139,UNIDENTIS ASSISTENCIA ODONTOLOGICA LTDA.,2001-04-03,Odontologia de Grupo,PB
66854779000110,ASSISTÊNCIA MÉDICA SÃO MIGUEL LTDA,1998-12-21,Medicina de Grupo,SP
87607149000111,UNIMED PLANALTO MÉDIO/RS - COOPERATIVA DE ASSISTÊNCIA À SAÚDE LTDA.,1998-12-22,Cooperativa Médica,RS
01569902000106,UNIMED CAÇADOR COOPERATIVA DE TRABALHO MÉDICO DA REGIÃO DO CONTESTADO,1998-12-17,Cooperativa Médica,SC
00307714000147,ASSOCIAÇÃO VALEPARAIBANA DE ASSISTÊNCIA MÉDICA POLICIAL,2000-11-16,Autogestão,SP
87158507000156,COOPERATIVA CENTRAL UNIMED DE COOPERATIVAS DE ASSISTÊNCIA À SAÚDE DO RIO GRANDE DO SUL LTDA.,1998-12-18,Cooperativa Médica,RS
00856424000152,CARE PLUS ODONTOLOGIA ASSISTENCIAL LTDA.,1998-12-16,Odontologia de Grupo,SP
73967085000155,UNIMED NORTE DO MATO GROSSO COOPERATIVA DE TRABALHO MÉDICO,1998-12-24,Cooperativa Médica,MT
41781949000153,UNIMED POÇOS DE CALDAS - SOC. COOP. DE TRAB. E SERVIÇOS MÉDICOS,1998-12-18,Cooperativa Médica,MG
13100755000100,ASSOCIACAO DOS PROFESSORES UNIVERSITÁRIOS DA BAHIA,1998-12-28,Autogestão,BA
66491036000123,ASSOCIAÇÃO POLICIAL DE ASSISTÊNCIA À SAÚDE DE JAÚ,1999-09-08,Autogestão,SP
11177786000133,ASSOCIAÇÃO MINEIRA DE ASSISTÊNCIA À SAÚDE DOS MEMBROS DO MINISTÉRIO PÚBLICO,2010-04-09,Autogestão,MG
04202013000102,POLICLIN SAÚDE S/A.,2006-08-02,Medicina de Grupo,SP
53249803000140,ASSISTÊNCIA MÉDICA 12 DE OUTUBRO LTDA,2024-03-04,Medicina de Grupo,SP
55990451000105,SANTA CASA DE MISERICÓRDIA E BENEFICÊNCIA PORTUGUESA,2021-05-24,Filantropia,SP
02989632000155,EVANGELICO SAUDE LTDA.,1999-03-04,Medicina de Grupo,PR
03013779000178,ANGELI SISTEMAS DE SAUDE S.A.,2021-07-29,Medicina de Grupo,PR
96182068000108,UNIMED DE SAO JOSÉ DO RIO PARDO-COOP. DE TRAB. MÉDICO,1998-12-22,Cooperativa Médica,SP
03268622000193,COOPERATIVA DOS USUÁRIOS DE SERVIÇOS DE SAÚDE LTDA.,1999-08-02,Medicina de Grupo,RS
83506030000100,BENEFICENCIA CAMILIANA DO SUL,1998-12-22,Filantropia,SP
02172353000102,CAIXA ASSISTENCIAL UNIVERSITÁRIA DO RIO GRANDE DO NORTE,1998-12-29,Autogestão,RN
37436920000167,UNIMED BARRA DO GARÇAS - COOPERATIVA DE TRABALHO MÉDICO,1998-12-24,Cooperativa Médica,MT
36567721000125,SAMI ASSISTÊNCIA MÉDICA LTDA,2020-09-10,Medicina de Grupo,SP
03424929000136,SAUDE PAS - MEDICINA E ODONTO,1999-10-21,Autogestão,RS
04487255000181,UNIMED SEGUROS SAÚDE S/A,2001-07-30,Seguradora Especializada em Saúde,SP
02009924000184,GAMA SAUDE LTDA.,1999-08-03,Medicina de Grupo,SP
37135365000133,ESMALE ASSISTENCIA INTERNACIONAL DE SAUDE LTDA.,1998-12-16,Medicina de Grupo,AL
00628107000189,FUNDAÇÃO ASSISTENCIAL DOS SERVIDORES DO MINISTÉRIO DA FAZENDA,1998-12-16,Autogestão,DF
42936518000181,UNIMED LEOPOLDINA COOPERATIVA DE TRABALHO MÉDICO LTDA,1998-12-16,Cooperativa Médica,MG
45171402000197,UNIMED DE TAUBATÉ COOPERATIVA DE TRABALHO MÉDICO,1998-12-16,Cooperativa Médica,SP
00368318000120,UNIMED MARQUES DE VALENÇA COOPERATIVA DE TRABALHO MÉDICO LTDA.,1998-12-21,Cooperativa Médica,RJ
71695746000105,UNIMED DE LINS - COOPERATIVA DE TRABALHOS MÉDICOS,1998-12-21,Cooperativa Médica,SP
04212174000179,DENTAL MASTER LTDA - EPP,2001-05-25,Odontologia de Grupo,AL
24294787000100,UNIMED SOUSA - COOPERATIVA DE TRABALHO MÉDICO,1998-12-21,Cooperativa Médica,PB
79115762000193,IRMANDADE SANTA CASA DE MISERICÓRDIA DE MARINGÁ,1998-12-22,Filantropia,PR
85241339000132,UNIMED DE TUBARAO - COOPERATIVA DE TRABALHO MEDICO DA REGIAO DA AMUREL,1998-12-17,Cooperativa Médica,SC
36503186000149,LEVE SAUDE OPERADORA DE PLANOS DE SAUDE S.A,2020-07-27,Medicina de Grupo,RJ
54370630000187,IRMANDADE DA SANTA CASA DE MISERICÓRDIA DE PIRACICABA,1998-12-17,Filantropia,SP
20909271000171,UNIMED ARAGUARI COOPERATIVA DE TRABALHO MÉDICO,1998-12-17,Cooperativa Médica,MG
05011316000100,HBC SAÚDE LTDA.,2002-08-06,Medicina de Grupo,SP
69259356000140,S.P.A SAUDE- SISTEMA DE PROMOÇÃO ASSISTENCIAL,1998-12-17,Autogestão,SP
48628366000136,UNIMED DE SANTA BÁRBARA D'OESTE E AMERICANA - COOP DE TRABALHO MÉDICO,1998-12-17,Cooperativa Médica,SP
78044815000160,UNIMED GUARAPUAVA COOPERATIVA DE TRABALHO MÉDICO,1998-12-17,Cooperativa Médica,PR
73395469000140,CAIXA DE ASSISTENCIA A SAUDE DA UNIVERSIDADE,1998-12-22,Autogestão,MG
58229691000180,UNIMED DE SANTOS COOP DE TRAB MEDICO,1998-12-24,Cooperativa Médica,SP
01052203000194,CAIXA ASSISTENCIAL UNIVERSITARIA DO RIO DE JANEIRO,1999-01-29,Autogestão,RJ
52852100000140,IRMANDADE DE MISERICÓRDIA DO HOSPITAL DA SANTA CASA DE MONTE ALTO,1998-12-21,Filantropia,SP
04612990000170,UNIMED DE MANAUS COOP. DO TRABALHO MÉDICO LTDA,1998-12-21,Cooperativa Médica,AM
65422339000121,UNIMED AMPARO COOPERATIVA DE TRABALHO MÉDICO,1998-12-18,Cooperativa Médica,SP
40960189000189,UNIMED PARAIBA - FEDERAÇAO DAS SOCIEDADES COOPERATIVAS DE TRABALHO MEDICO,1998-12-21,Cooperativa Médica,PB
11214624000128,UNIMED RECIFE COOPERATIVA DE TRABALHO MÉDICO,1998-12-21,Cooperativa Médica,PE
10395358000114,UNIMED DO CEARÁ - FEDERAÇÃO DAS SOCIEDADES COOPERATIVAS MÉDICAS DO ESTADO DO CEARÁ LTDA.,1998-12-21,Cooperativa Médica,CE
17143876000190,AME-ASSISTÊNCIA MÉDICA A EMPRESAS LTDA,1998-12-22,Medicina de Grupo,MG
25971433000115,UNIMED MURIAÉ COOPERATIVA DE TRABALHO MEDICO LTDA,1998-12-17,Cooperativa Médica,MG
13001218000102,ASSOCIAÇÃO SANTA SAÚDE,2011-04-20,Medicina de Grupo,SP
00636975000100,SÃO DOMINGOS SAÚDE- ASSISTÊNCIA MÉDICA  LTDA,1998-12-16,Medicina de Grupo,SP
04439627000102,ALLIANZ SAÚDE S/A,2001-08-06,Seguradora Especializada em Saúde,SP
71499792000139,UNIMED VERTENTE DO CAPARAÓ - COOPERATIVA DE TRABALHO MÉDICO LTDA,1998-12-17,Cooperativa Médica,MG
11996146000155,CAIXA DE ASSISTÊNCIA À SAÚDE DO SINDICATO DOS FUNCIONÁRIOS INTEGRANTES DO GRUPO OCUPACIONAL ADMINISTRAÇÃO TRIBUTÁRIA DO ESTADO DE PERNAMBUCO,2010-12-03,Autogestão,PE
63554067000198,HAPVIDA ASSISTENCIA MEDICA S.A.,1998-12-17,Medicina de Grupo,CE
07154253000169,RODRIGUES LEIRA ODONTOLOGIA LTDA.,2005-08-03,Odontologia de Grupo,SP
71064539000152,UNIMED SUDOESTE DE MINAS COOPERATIVA DE TRABALHO MÉDICO,1998-12-18,Cooperativa Médica,MG
42043067000153,UNIMED EXTREMO SUL COOPERATIVA DE TRABALHO MÉDICO,1998-12-22,Cooperativa Médica,BA
87096616000196,UNIMED PORTO ALEGRE - COOPERATIVA MÉDICA LTDA.,1998-12-21,Cooperativa Médica,RS
58554194000157,UNIC ASSISTENCIA MEDICA LTDA,,,
12317012000123,ASSOCIAÇÃO DO FISCO DE ALAGOAS,,,
28311619000136,NEXO - ADMINISTRADORA DE BENEFICIOS LTDA,,,
34673588000166,BIT LIFE BENEFÍCIOS LTDA,,,
54698763000187,SAUDE VIVA ADMINISTRADORA DE BENEFICIOS LTDA,,,
34608096000197,UNIVIDA USA OPERADORA EM SAUDE S/A,,,
01773319000112,UNIMED VALE DO PARAÍBA - FEDERAÇÃO INTRAFEDERATIVA DAS COOPERATIVAS MÉDICAS,,,
03284505000113,HOSPITAL MATERNIDADE SÃO VICENTE DE PAULO,,,
19663787000108,SALUPLAN ADMINISTRADORA DE BENEFÍCIOS LTDA,,,
57746455000178,MEDISERVICE OPERADORA DE PLANOS DE SAÚDE S.A.,,,
58434577000191,ELITE SAUDE SERVICOS MEDICOS LTDA.,,,
11158465000191,AFFIX ADMINISTRADORA DE BENEFÍCIOS LTDA,,,
19240452000179,BCI ADMINISTRADORA DE BENEFÍCIOS LTDA.,,,
43047552000168,AMPLITUDE PLANOS DE SAUDE LTDA,,,
15011651000154,BRADESCO SAÚDE - OPERADORA DE PLANOS  S/A,,,
12838821000180,FUNDAÇÃO FIAT SAÚDE E BEM ESTAR,,,
14927215000167,ZURICH SANTANDER BRASIL ODONTO LTDA.,,,
49168700000189,PRO-SAUDE JARINU ASSISTENCIA MEDICA SUPLEMENTAR LTDA.,,,
59641573000147,ATIMED ASSISTENCIA MEDICA LTDA,,,
42209475000132,TOTAL SAUDE  ADMINISTRADORA DE BENEFICIOS EIRELI,,,
10846369000173,HEALTH ADMINISTRADORA DE BENEFICIOS LTDA,,,
37442364000131,ESPLENDOR ADMINISTRADORA DE BENEFÍCIOS LTDA.,,,
18275071000162,POSTAL SAÚDE CAIXA DE ASSISTÊNCIA E SAÚDE DOS EMPREGADOS DOS CORREIOS,,,
